9.999026247690963043e-01
9.998981961786199690e-01
9.998752899076500666e-01
9.998792619641484469e-01
9.998169225869605325e-01
9.998026962734940515e-01
9.998570810845974766e-01
9.998813009382426786e-01
9.996341888506137252e-01
9.998352472835445592e-01
9.998164679102253816e-01
9.998546003635180313e-01
9.997834863253760584e-01
8.538607064753130915e-01
8.629966770680205235e-01
8.450378589601151846e-01
8.625705696031481517e-01
8.421647263543977635e-01
8.325497076771223304e-01
8.696508680785438594e-01
8.559411517643413791e-01
8.025674845385661893e-01
8.219984828107559371e-01
8.838479049823114719e-01
8.642378812176266800e-01
8.588197646560352672e-01
9.995638389330118168e-01
9.995765472414085417e-01
9.994521961211495498e-01
9.997186986912575124e-01
9.997388644682100312e-01
9.997197307349049433e-01
9.998267003981716750e-01
9.996485425680796677e-01
9.992459665975645944e-01
9.997090513331177153e-01
9.994812918942523883e-01
9.997613669472724673e-01
9.996401314286184059e-01
9.996135825774914441e-01
9.992517381887845440e-01
9.987382789702922148e-01
7.973694259273539364e-01
8.829784183424533861e-01
8.840651013474918329e-01
8.499109989644770824e-01
8.952733759598910934e-01
8.790496317343590160e-01
7.752593665359402975e-01
8.256150282592304990e-01
8.166231715648489820e-01
8.784007323879476914e-01
8.812037402542149955e-01
8.562783453585526283e-01
8.550806226377725139e-01
8.986644006549252550e-01
9.993844441607991902e-01
8.958627923814292959e-01
7.702054878939421645e-01
7.873785434811800821e-01
8.948853085893525572e-01
8.952765795672418259e-01
8.854513302496379579e-01
8.784903357223231568e-01
8.296962435568366878e-01
9.983858327155719081e-01
9.989333384539402783e-01
9.997750961250159163e-01
9.996994146720903363e-01
9.995057563090498087e-01
9.988719401144852128e-01
9.995968028233658265e-01
9.994557697821947473e-01
9.991759344832348289e-01
9.995455913597154352e-01
9.972144330956319580e-01
8.303358316741348277e-01
7.991498570504576016e-01
8.098163306457614175e-01
8.846224432068948706e-01
8.957806683832229000e-01
9.097770370211162305e-01
8.660340740389972369e-01
8.756720432316785763e-01
9.965442621526522382e-01
9.978809898873318707e-01
9.995869728781441310e-01
9.973199755109942721e-01
9.988620585400923568e-01
9.981831018579639947e-01
9.993817630439149058e-01
9.994648518582885943e-01
9.991991171595361321e-01
7.256316816246507484e-01
7.283963497827273814e-01
8.959252010776906916e-01
8.576580967605640371e-01
8.622078523329976818e-01
8.314185876548062515e-01
8.199471525046443388e-01
8.972424587785422512e-01
9.044563546658297426e-01
9.925287045697275268e-01
9.954450494880270339e-01
9.994894317764910774e-01
9.962531410020419864e-01
9.991644514611808248e-01
9.972042184963123557e-01
9.994091806898117714e-01
9.987409781772342843e-01
9.982564146625678703e-01
9.957244840537814445e-01
9.842651868400766890e-01
9.935687485720289258e-01
9.983937527203454732e-01
9.985885900921316338e-01
9.972682658771463426e-01
5.863655730089957219e-01
5.861916849903811011e-01
9.220370078980246742e-01
8.965641922935485564e-01
9.060893831481938721e-01
8.150431483930549170e-01
8.492505302513444487e-01
8.690048077627687828e-01
9.212574029949545107e-01
9.991520956496007244e-01
9.991190924205292090e-01
9.930968509508079078e-01
9.991821753227063674e-01
8.399079846633606961e-01
4.397870460579931806e-01
5.663931691049793882e-01
9.147512106047285263e-01
7.066588420304058538e-01
9.988870520220027860e-01
9.994761448422020411e-01
9.994772672666445423e-01
9.975345506630288739e-01
9.993702966255705311e-01
9.991555001919449897e-01
9.995011555115366209e-01
7.937944383130643988e-01
9.315027177008646797e-01
9.379243730748781926e-01
9.982804427583398255e-01
9.992930861852566959e-01
9.993539670431081934e-01
9.989659951557798845e-01
9.897910515093717443e-01
9.897699739262844076e-01
9.851457929254124890e-01
9.978775701610143045e-01
9.936610473862707016e-01
9.962015476399829206e-01
9.783649134714791362e-01
9.993054190561597716e-01
9.993085423079934859e-01
9.958149992738780654e-01
3.015120409245826694e-01
9.403700858142786112e-01
9.240133438483514317e-01
4.329684771417066647e-01
9.041980916655987244e-01
8.685077046367178921e-01
9.989895112815770917e-01
9.953853949651689792e-01
9.986874759874444507e-01
9.886481844101544514e-01
9.962572519716093034e-01
2.877630581602143578e-01
8.808281765004787323e-01
9.123475411643561239e-01
5.754957662165925969e-01
7.092532275273529807e-01
9.937004396801970563e-01
9.993392501911755321e-01
9.971164708705336777e-01
9.990960462596707448e-01
9.987122257134054548e-01
9.989643797182167217e-01
9.986942257250658317e-01
9.697469030198598849e-01
9.930925798132859139e-01
9.837980486377353451e-01
9.692089145626866520e-01
9.770594519308096748e-01
9.555453504979662949e-01
9.503795064231242984e-01
9.362593131851379979e-01
9.428635040346061702e-01
7.945295511080856521e-01
9.978902823093833696e-01
9.988337250661192268e-01
4.280698775956384705e-01
7.869733331186509195e-01
9.827190902058510202e-01
9.991385611917531495e-01
9.886158881317379521e-01
9.991927190601778141e-01
9.983917922020707492e-01
9.985777700192830508e-01
9.926841392847692847e-01
9.500081485397174896e-01
9.487534033340304651e-01
1.467810835013132198e-01
8.307561020022148357e-01
4.181646398034201684e-01
9.528788908304618444e-01
9.979151017397549506e-01
9.986453051461599006e-01
9.990297550839500884e-01
9.597911806037252580e-01
9.985839926061195193e-01
9.984700609316579101e-01
9.921949420711047019e-01
9.941935640917778372e-01
9.500230552241081261e-01
2.873795883299787302e-02
1.267830816210425426e-01
8.615011119686460939e-01
5.353560217073269900e-01
9.679274979741701035e-01
9.346454285978862409e-01
9.460997155742630893e-01
9.203971788895141115e-01
9.073631188757863564e-01
9.321626431359352205e-01
9.550029156901120864e-01
9.742617419536883094e-01
9.650988751638438501e-01
7.845145505804155261e-01
5.176067842301287913e-02
9.987255861591207706e-01
9.852404807137422615e-01
9.980674714474566667e-01
9.989103071193077277e-01
8.812222098455142483e-01
9.988386603144411291e-01
9.990857684495794144e-01
9.925248111532182227e-01
9.965069211223225309e-01
9.226447345834003499e-01
9.363708747790721043e-01
9.378220286715892584e-01
9.261673188691930125e-01
9.962392651786405873e-01
9.979823900541461290e-01
9.340509450543422743e-01
2.723361395168052979e-01
6.764173490702274361e-01
9.906465612203533277e-01
1.121790382654123952e-01
9.986837701977957504e-01
9.973928630158945818e-01
2.446542107384938880e-01
9.987857990627825311e-01
7.381412663009647712e-01
7.691170776699568501e-01
9.135396088022600392e-01
9.987624514934023701e-01
7.927201779764428968e-01
3.151070769991032861e-01
5.113810076572798957e-01
9.987506699582529013e-01
9.983220290483079129e-01
9.986921001529063258e-01
9.977042956216365388e-01
3.827598338915714771e-01
9.791240308849997742e-01
9.966061164877816347e-01
9.249446893013727466e-01
9.458477781305919541e-01
9.177358299878941583e-01
9.116996145731248724e-01
2.800741081109278663e-02
9.785624358228595110e-01
9.981790465108867361e-01
9.967120777683928790e-01
9.987927453334464190e-01
8.510509911581924936e-01
9.949993365485394481e-01
9.859945622530583709e-01
9.456291675466105273e-01
9.814929229829529866e-01
9.608610973506533925e-01
8.060720002543390050e-01
2.288235837700472730e-01
9.107985325065007798e-01
9.232703310748257008e-01
9.330868565441771123e-01
6.887164528136507924e-01
8.864056864370511990e-01
8.642323370706739283e-01
9.980484780701689429e-01
9.912806874878560270e-01
9.983696197493291402e-01
9.443732230675580541e-02
9.628953992086671798e-01
9.972922327176533264e-01
9.981524830597261477e-01
9.224129147036030929e-01
9.923855020883646239e-01
5.581545207334750458e-01
9.419206164379928525e-01
9.072513963560124850e-01
9.815939706067724480e-01
9.968283326177037607e-01
9.974352142607134653e-01
9.983327319021104707e-01
9.985051044132451370e-01
6.656497425470336848e-01
2.584950109208549729e-01
1.599938794903401351e-01
6.723209628046872277e-01
5.827355772412506907e-01
9.866129963087015842e-01
2.552283675153566578e-01
9.975444265719790593e-01
9.962297059697977630e-01
9.940609112143077297e-01
9.850676955422893455e-01
9.954768598304292171e-01
9.360081097428133434e-01
8.900201029459716695e-01
8.953124866066379806e-01
9.015398115549990710e-01
9.256457915558946592e-01
8.856972484560411418e-01
7.377440199757073769e-01
8.574431014345121893e-01
9.697273687974404810e-01
9.471605902132549382e-01
9.944568632318370183e-01
9.328819213135688404e-01
3.874912807552279292e-01
7.013635095837308375e-01
9.625945133098524620e-01
9.976127488166667279e-01
7.675628851181383050e-01
9.961181233917848488e-01
8.140126689134766780e-01
1.023966891447034289e-01
9.934334088860312661e-01
9.406904863671493588e-01
9.023465154630062601e-01
9.944293343591434908e-01
8.718395322754414201e-01
2.091379993525828984e-01
9.802563755213130614e-01
9.899448870768280395e-01
8.725919947813578492e-01
8.881786653375859375e-01
9.352917874510690011e-01
9.959595570485038074e-01
9.977885727755075873e-01
9.954893970297393757e-01
9.860000439137410755e-01
9.766390974268406300e-01
9.926333449191275804e-01
5.402072112400737591e-01
4.623090106576940861e-02
4.105619812805753610e-01
4.119851403661800027e-01
5.523952111023380240e-01
8.399028104357797453e-01
9.916266206761256141e-01
9.013087221824165329e-01
9.960587575743530264e-01
9.909496854870843974e-01
9.676425619910418163e-01
1.059230439412785774e-01
3.252416875346668124e-01
6.087172025690519295e-01
9.077891950291328005e-01
7.956561021165668990e-01
9.948699489433625587e-01
9.822735463035100478e-01
6.742128950887155137e-01
9.616343510002960393e-01
9.607221443362886637e-01
9.274250548645269765e-01
9.930606133219264109e-01
9.606742153363964642e-02
7.330339498056918091e-01
7.222963147080191382e-01
8.701932719277277739e-01
8.360361230541205613e-01
8.398351636057294067e-01
9.579743174092543168e-01
9.752095331091968911e-01
9.831375640676494054e-01
9.884466701603156213e-01
9.912975975463217404e-01
9.922228193173200372e-01
9.695504299387187608e-01
4.296722107281212844e-01
2.734782645478361363e-01
4.909827965716414000e-01
1.796482045314022613e-01
3.393466455252000524e-01
9.894905168809202678e-01
8.472666249794911231e-01
8.832700171349742169e-01
7.875622206433516848e-01
9.346013421995406079e-01
9.868914783899407350e-01
8.861772550171663765e-01
4.727592186776302108e-01
1.233533884570465478e-01
8.588591778052478976e-01
8.046583566439385882e-01
7.277303270482874398e-01
9.047143690867123222e-01
9.830924724643770318e-01
9.262817007330117480e-01
9.328322505456749791e-01
5.988701378362423222e-01
9.796614216919775631e-01
7.891247264993527244e-01
9.924010526761302131e-01
2.036208687685509833e-01
9.634966505561323169e-01
6.301060523611105024e-01
2.371708519605111032e-01
9.290936244297699487e-01
9.826717677947228724e-01
6.040759401016023711e-01
8.832066348031821779e-01
7.552460603811971263e-01
9.434964298029967500e-01
9.633626499525147491e-01
8.440319193483897253e-01
4.184011120960489660e-01
8.423255069015068708e-01
8.620954866963210783e-01
9.581750265389062937e-01
9.398249905380243741e-01
9.621872168469517428e-01
9.254663412474865014e-01
9.416079685966027846e-01
9.845986717365188268e-01
7.113718594064566414e-01
6.598118973734422577e-01
3.575964766826135732e-01
2.560084473856712450e-01
2.249607126235785015e-01
9.684804779821382104e-01
3.867317055793667024e-01
8.782123808003065024e-01
8.756761173355652739e-01
5.161103306105200295e-01
4.833845518129422092e-01
7.166667370173652740e-01
8.133148816032444994e-01
9.743759334558581564e-01
3.157446615986844729e-01
9.146865627252996900e-01
8.858587939269345624e-01
3.536208180619935804e-01
9.060983217442782900e-01
9.101549658290828404e-01
6.320584061178998736e-01
4.840869930804873600e-01
9.694650364181354174e-01
9.560934221268246880e-01
7.963464315082613432e-01
8.352315423221733370e-01
8.248406599100451819e-01
5.822385227120233653e-01
6.602763956130685008e-01
3.406936033821280074e-01
4.233193232057279043e-01
9.199407078477747080e-01
4.040539873002244042e-01
8.492547560061040057e-01
7.977231550054127984e-01
9.181743506401099930e-01
8.718310512982897498e-01
9.365693227664556586e-01
7.391505006773394504e-01
6.147218300953535275e-01
4.648350410697391077e-01
4.977504014294418799e-01
6.609597947820634589e-01
7.883723682474923500e-01
5.285889539966067696e-01
8.413652058254863508e-01
8.601628506841544342e-01
5.842900174565400784e-01
6.761283476624116995e-01
8.430670589052350339e-01
7.238663303665399118e-01
7.699397791342296182e-01
6.167232616957832869e-01
7.383929501369678183e-01
9.999999999999999547e-07
9.999999999999999547e-07
9.999999999999999547e-07
9.999999999999999547e-07
9.999999999999999547e-07
9.999999999999999547e-07
9.999999999999999547e-07
9.999999999999999547e-07
9.999999999999999547e-07
9.999999999999999547e-07
9.999999999999999547e-07
9.999999999999999547e-07
9.999999999999999547e-07
9.995041785159182179e-01
9.995746006565439101e-01
9.992368569659285660e-01
9.990797273133991130e-01
9.985424985643064355e-01
9.992873778576157884e-01
9.982059452313041259e-01
9.989283010598501988e-01
9.987701302423812599e-01
9.988001445827199287e-01
9.959995061712056952e-01
9.978071065060964973e-01
9.994043659131357504e-01
8.658166125954896986e-01
8.777353121974569294e-01
9.999999999999999547e-07
9.999999999999999547e-07
9.999999999999999547e-07
9.999999999999999547e-07
9.999999999999999547e-07
9.999999999999999547e-07
9.999999999999999547e-07
9.999999999999999547e-07
9.999999999999999547e-07
9.999999999999999547e-07
9.999999999999999547e-07
9.999999999999999547e-07
9.999999999999999547e-07
9.999999999999999547e-07
9.977605328974227250e-01
9.866581949457032819e-01
9.720328689621900997e-01
9.946849713545450333e-01
9.896277587163716527e-01
9.603657489416588255e-01
9.975544650858065854e-01
9.975681263460113302e-01
9.952834432880083293e-01
9.925564338559128563e-01
9.948732717713728579e-01
9.897118532653942369e-01
9.969375868963986642e-01
9.615890240530172717e-01
8.649954227803114959e-01
9.908362843322247038e-01
9.947301558141495859e-01
9.952540983773348060e-01
9.858696984386554618e-01
9.743034560933757637e-01
9.571762671573259551e-01
9.791325825060797072e-01
9.898380021239532311e-01
9.999999999999999547e-07
9.999999999999999547e-07
9.999999999999999547e-07
9.999999999999999547e-07
9.999999999999999547e-07
9.999999999999999547e-07
9.999999999999999547e-07
9.999999999999999547e-07
9.999999999999999547e-07
9.999999999999999547e-07
9.999999999999999547e-07
9.397017641083807993e-01
9.888156318654436339e-01
9.892831696203187031e-01
9.758699292179745521e-01
9.795460397642130612e-01
9.503974299039833484e-01
8.963685568242121260e-01
9.758226026437566425e-01
1.313497727311012690e-03
9.999999999999999547e-07
9.999999999999999547e-07
9.999999999999999547e-07
9.999999999999999547e-07
9.999999999999999547e-07
9.999999999999999547e-07
9.999999999999999547e-07
9.999999999999999547e-07
8.594548050026910024e-01
8.505417598136136847e-01
9.606973770318912864e-01
9.764798170347152029e-01
9.781660152898322691e-01
9.339716302453112684e-01
8.946454960428154024e-01
9.226187936543250867e-01
9.396113981496975187e-01
4.097918724321868988e-01
1.021264188851122856e-01
9.999999999999999547e-07
9.999999999999999547e-07
9.999999999999999547e-07
9.999999999999999547e-07
9.999999999999999547e-07
9.999999999999999547e-07
9.999999999999999547e-07
9.999999999999999547e-07
6.464471558803488449e-01
1.880329944014194898e-01
9.999999999999999547e-07
9.999999999999999547e-07
9.999999999999999547e-07
7.087988189254399440e-01
6.857073711120942328e-01
9.404523314944583934e-01
9.620735068405182888e-01
9.586146345343973252e-01
9.089925463850749843e-01
8.274143550076672460e-01
9.278399961168924959e-01
9.123183331013465791e-01
9.999999999999999547e-07
9.999999999999999547e-07
9.999999999999999547e-07
9.999999999999999547e-07
9.798911329569955919e-01
4.789569801314887409e-01
6.085487991182056966e-01
9.482710937218874481e-01
8.030845756104407762e-01
8.679856745337282131e-01
9.164126083309168669e-01
8.768152481275774957e-01
8.789684471631986629e-01
9.343363216410373040e-01
8.770105257606565230e-01
8.954022466900601884e-01
8.320945492840020608e-01
8.904489022206760751e-01
8.821747542582826229e-01
8.825290745676056536e-01
8.943959990751843003e-01
9.151823172948383434e-01
9.999999999999999547e-07
4.875614982872421010e-01
2.820558078212416775e-01
5.370609703344270125e-01
9.999999999999999547e-07
9.999999999999999547e-07
9.999999999999999547e-07
6.738883414212076817e-01
9.999999999999999547e-07
9.451155077023014606e-01
8.933726366923042672e-01
2.371804537593863171e-01
9.206798630680173012e-01
9.405857347948993752e-01
4.276491601367027884e-01
8.831977034029897533e-01
8.232215289239149802e-01
9.999999999999999547e-07
9.999999999999999547e-07
9.999999999999999547e-07
9.999999999999999547e-07
9.999999999999999547e-07
1.949800276241321073e-01
7.657251724115946567e-01
8.269292585651509819e-01
5.498985739470948486e-01
7.617250082110536002e-01
8.935429371310024127e-01
9.334943225290448510e-01
8.996015428814077008e-01
9.307229085144212988e-01
8.953675807412646570e-01
9.133607521048383582e-01
9.999999999999999547e-07
7.296066854132182700e-01
9.999999999999999547e-07
3.198118260967087179e-01
6.716675267960862117e-01
5.556193143448328042e-01
8.512143318384900459e-01
8.812969407195033744e-01
8.052772380519120921e-01
8.948155309579215455e-01
7.046228543229534624e-01
9.999999999999999547e-07
9.999999999999999547e-07
2.869144771602646915e-01
7.706635192844303317e-01
8.916088548322720353e-01
9.396758624688603678e-01
8.961125421202374985e-01
9.425150665145470841e-01
9.245034459956745776e-01
9.999999999999999547e-07
9.999999999999999547e-07
7.345442530906414191e-01
7.629545766690555286e-01
4.316308403331223231e-02
6.795291530083962250e-01
3.370761497824613095e-01
8.463945655719731231e-01
9.114759236676570620e-01
9.321484486924820345e-01
9.146320361736230975e-01
7.225075878400935014e-01
9.999999999999999547e-07
9.999999999999999547e-07
9.999999999999999547e-07
9.999999999999999547e-07
7.937858102012848027e-01
2.796908758199753708e-02
1.833280892914021520e-02
6.432351721051902116e-01
3.846834601855240732e-01
8.640940809977891712e-01
6.919442124281566242e-01
8.116937053403056046e-01
7.873000220916606118e-01
6.777796806642927274e-01
7.039441079188191175e-01
6.432050736714414185e-01
3.138545802076340707e-01
5.300641127841124733e-01
6.929604285965126342e-01
1.483814201191073490e-01
9.999999999999999547e-07
9.999999999999999547e-07
9.999999999999999547e-07
8.561294707398235948e-01
7.451720710014221316e-01
9.301029589148002152e-01
9.401897216219606834e-01
8.997595773259426943e-01
9.116752343996487040e-01
6.734846379769571234e-01
7.045438812664578387e-01
7.102093914580149825e-01
6.745761445874193241e-01
9.999999999999999547e-07
9.999999999999999547e-07
7.124404240249836429e-01
1.322471314348777349e-01
6.347986731874891708e-01
9.999999999999999547e-07
9.999999999999999547e-07
2.873703543168713570e-01
9.137322534345733160e-01
3.001728121478731137e-01
7.447358347655331778e-01
6.014175251120411625e-01
5.964998375184233925e-01
7.750676706608641275e-01
9.220839906014920428e-01
6.316016790268110803e-01
3.180341378941988206e-01
4.476591860095012199e-01
8.431691892058436055e-01
4.968860136710026576e-01
5.586433153202231550e-01
9.999999999999999547e-07
1.550701805183275217e-01
8.748531486938143642e-01
8.198825192194144629e-01
7.041109286678148838e-01
6.950933251300789317e-01
6.420390707730336821e-01
6.332780504212470740e-01
3.853653632190531808e-02
9.999999999999999547e-07
9.999999999999999547e-07
9.999999999999999547e-07
9.021639627323262411e-01
6.632241709665533946e-01
9.053428954412435781e-01
9.999999999999999547e-07
6.413545790165211535e-01
9.999999999999999547e-07
2.694941097966755961e-01
5.221457518078148619e-01
9.999999999999999547e-07
6.365696195900382159e-01
6.595702964378508115e-01
7.264068319028119669e-01
5.471924268552473825e-01
6.749395339523552861e-01
5.531023740376285192e-01
9.079324952251325298e-01
8.821791347481281464e-01
2.122674933042840439e-01
1.715299933058268278e-01
8.146878070151870599e-01
7.512509259871948952e-01
8.732521220600361067e-01
6.710506408310564774e-01
9.999999999999999547e-07
3.246344655627258491e-01
7.994310988625487058e-01
6.171718719989320867e-01
9.999999999999999547e-07
9.999999999999999547e-07
3.790793293232777583e-01
8.128623559962641076e-01
7.117735173632842027e-01
3.835647586376234597e-01
9.999999999999999547e-07
1.849111026432692373e-01
4.906097874464910302e-01
4.685000615129310542e-01
8.805414089176595294e-01
6.138514543363846054e-02
9.999999999999999547e-07
8.695743714135121261e-01
8.773381926329828495e-01
8.108979267689510051e-01
6.901883520958781437e-01
7.055551077390792569e-01
5.825113407676388855e-01
5.889827635536725170e-01
6.161226945223181595e-01
6.488151147969476451e-01
5.724679287079524892e-01
4.344158541176342259e-01
5.053304898967596603e-01
9.999999999999999547e-07
4.725410162166327477e-01
9.999999999999999547e-07
5.405249588298319252e-02
9.192439894063361705e-02
2.928356211020713418e-01
9.945063627114378302e-02
6.777843895071819502e-02
5.168816786633049221e-01
5.201396479207814894e-01
4.591070677852509552e-01
9.999999999999999547e-07
7.419808147567751311e-01
7.055167884885767959e-01
5.868032846418603787e-01
9.999999999999999547e-07
5.288831774226455673e-01
9.999999999999999547e-07
9.999999999999999547e-07
9.999999999999999547e-07
5.430746747780673678e-01
5.672159040273596631e-01
5.887737778018607981e-01
9.999999999999999547e-07
6.411980712683542638e-01
2.032244025881602967e-01
7.478853865318701999e-01
8.189676531431210327e-01
8.151122100400253201e-01
3.399972524898771664e-01
4.905759092419101353e-02
3.285106975959591336e-01
5.643408086801335322e-02
2.211338063998194714e-01
4.625672238488204857e-01
7.126987427751062532e-01
6.906497401577379458e-01
9.999999999999999547e-07
9.999999999999999547e-07
9.999999999999999547e-07
9.999999999999999547e-07
9.999999999999999547e-07
1.965833445798429169e-01
5.125711425981691605e-01
3.832682108791475861e-01
6.506225704780871366e-01
5.955621437507044869e-01
3.502629454105107842e-01
7.018311018917605670e-01
9.999999999999999547e-07
3.788924132532846545e-01
9.999999999999999547e-07
6.697899452754083049e-02
3.095015660131464341e-01
2.682096450599536497e-01
5.199984206982387613e-01
4.555797989652161095e-01
4.717230949537657980e-01
4.349756580659067118e-01
9.999999999999999547e-07
9.999999999999999547e-07
9.999999999999999547e-07
9.999999999999999547e-07
3.510676784613972479e-01
6.382779069335370314e-01
1.973325234948370699e-01
1.970008279353079039e-01
8.099923389791460759e-02
9.999999999999999547e-07
9.999999999999999547e-07
5.173273411697284496e-01
5.389778328593453072e-01
4.661841222365329940e-01
3.695701509739733326e-01
9.999999999999999547e-07
9.999999999999999547e-07
3.937179611739484719e-01
5.145855022272591284e-02
9.999999999999999547e-07
4.816885998663861801e-01
3.960127068010013685e-01
2.768464153783854464e-01
5.464888110126372434e-01
1.625830192120298612e-01
9.999999999999999547e-07
2.161963907401452667e-01
1.338610692239613209e-01
3.845229139154232034e-01
3.598495254057034187e-01
9.999999999999999547e-07
8.524528497772995705e-02
9.999999999999999547e-07
1.551484992101445914e-01
9.999999999999999547e-07
4.874866616064376657e-01
9.999999999999999547e-07
1.911818249250196444e-01
2.589300813316082750e-01
2.976086828071111134e-01
9.999999999999999547e-07
2.565738706240764944e-01
3.068444347804307193e-01
9.999999999999999547e-07
4.077659566112510903e-01
2.209664363672812770e-01
9.999999999999999547e-07
9.999999999999999547e-07
9.999999999999999547e-07
1.177893975395856996e-01
5.573398945126036841e-01
9.999999999999999547e-07
1.456484104759815101e-01
1.833657034216662207e-01
9.999999999999999547e-07
9.999999999999999547e-07
1.706292365488656926e-02
9.999999999999999547e-07
8.400760876317522885e-02
7.079956729136868687e-02
9.999999999999999547e-07
4.847435897599258747e-02
3.297755879670957735e-02
1.920232681065517644e-01
3.001225019285866380e-01
9.999999999999999547e-07
9.999999999999999547e-07
9.999999999999999547e-07
2.168871196286536740e-01
9.999999999999999547e-07
9.999999999999999547e-07
2.810926400702832839e-01
8.296279272337556132e-02
1.511228252012461297e-02
9.999999999999999547e-07
9.999999999999999547e-07
1.546305238606827392e-01
9.999999999999999547e-07
9.999999999999999547e-07
9.105410103280084377e-02
9.935252450265416591e-02
9.999999999999999547e-07
9.999999999999999547e-07
9.999999999999999547e-07
9.999999999999999547e-07
1.851128974069524147e-02
8.674358406973334268e-02
9.999999999999999547e-07
9.999999999999999547e-07
9.999999999999999547e-07
2.191673727859763665e-02
3.476879997877355133e-02
9.999999999999999547e-07
9.999999999999999547e-07
9.999999999999999547e-07
9.999999999999999547e-07
9.999999999999999547e-07
9.999999999999999547e-07
9.999999999999999547e-07
9.999999999999999547e-07
9.999999999999999547e-07
9.999999999999999547e-07
9.999999999999999547e-07
9.999999999999999547e-07
9.999999999999999547e-07
9.999999999999999547e-07
1.000000999999999918e+00
1.000000999999999918e+00
1.000000999999999918e+00
1.000000999999999918e+00
1.000000999999999918e+00
1.000000999999999918e+00
1.000000999999999918e+00
1.000000999999999918e+00
1.000000999999999918e+00
1.000000999999999918e+00
1.000000999999999918e+00
1.000000999999999918e+00
1.000000999999999918e+00
1.000000999999999918e+00
1.000000999999999918e+00
1.000000999999999918e+00
1.000000999999999918e+00
1.000000999999999918e+00
1.000000999999999918e+00
1.000000999999999918e+00
1.000000999999999918e+00
1.000000999999999918e+00
1.000000999999999918e+00
1.000000999999999918e+00
1.000000999999999918e+00
1.000000999999999918e+00
1.000000999999999918e+00
1.000000999999999918e+00
1.000000999999999918e+00
1.000000999999999918e+00
1.000000999999999918e+00
1.000000999999999918e+00
1.000000999999999918e+00
1.000000999999999918e+00
1.000000999999999918e+00
1.000000999999999918e+00
1.000000999999999918e+00
1.000000999999999918e+00
1.000000999999999918e+00
1.000000999999999918e+00
1.000000999999999918e+00
1.000000999999999918e+00
1.000000999999999918e+00
1.000000999999999918e+00
1.000000999999999918e+00
1.000000999999999918e+00
1.000000999999999918e+00
1.000000999999999918e+00
1.000000999999999918e+00
1.000000999999999918e+00
1.000000999999999918e+00
1.000000999999999918e+00
1.000000999999999918e+00
1.000000999999999918e+00
1.000000999999999918e+00
1.000000999999999918e+00
1.000000999999999918e+00
1.000000999999999918e+00
1.000000999999999918e+00
1.000000999999999918e+00
1.000000999999999918e+00
1.000000999999999918e+00
1.000000999999999918e+00
1.000000999999999918e+00
1.000000999999999918e+00
1.000000999999999918e+00
1.000000999999999918e+00
1.000000999999999918e+00
1.000000999999999918e+00
1.000000999999999918e+00
1.000000999999999918e+00
1.000000999999999918e+00
1.000000999999999918e+00
1.000000999999999918e+00
1.000000999999999918e+00
1.000000999999999918e+00
1.000000999999999918e+00
1.000000999999999918e+00
1.000000999999999918e+00
1.000000999999999918e+00
1.000000999999999918e+00
1.000000999999999918e+00
1.000000999999999918e+00
1.000000999999999918e+00
1.000000999999999918e+00
1.000000999999999918e+00
1.000000999999999918e+00
1.000000999999999918e+00
1.000000999999999918e+00
1.000000999999999918e+00
1.000000999999999918e+00
1.000000999999999918e+00
1.000000999999999918e+00
1.000000999999999918e+00
1.000000999999999918e+00
1.000000999999999918e+00
1.000000999999999918e+00
1.000000999999999918e+00
1.000000999999999918e+00
1.000000999999999918e+00
1.000000999999999918e+00
1.000000999999999918e+00
1.000000999999999918e+00
1.000000999999999918e+00
1.000000999999999918e+00
1.000000999999999918e+00
1.000000999999999918e+00
1.000000999999999918e+00
1.000000999999999918e+00
1.000000999999999918e+00
1.000000999999999918e+00
1.000000999999999918e+00
1.000000999999999918e+00
1.000000999999999918e+00
1.000000999999999918e+00
1.000000999999999918e+00
1.000000999999999918e+00
1.000000999999999918e+00
1.000000999999999918e+00
1.000000999999999918e+00
1.000000999999999918e+00
1.000000999999999918e+00
1.000000999999999918e+00
1.000000999999999918e+00
1.000000999999999918e+00
1.000000999999999918e+00
1.000000999999999918e+00
1.000000999999999918e+00
1.000000999999999918e+00
1.000000999999999918e+00
1.000000999999999918e+00
1.000000999999999918e+00
1.000000999999999918e+00
1.000000999999999918e+00
1.000000999999999918e+00
1.000000999999999918e+00
1.000000999999999918e+00
1.000000999999999918e+00
1.000000999999999918e+00
1.000000999999999918e+00
1.000000999999999918e+00
1.000000999999999918e+00
1.000000999999999918e+00
1.000000999999999918e+00
1.000000999999999918e+00
1.000000999999999918e+00
1.000000999999999918e+00
1.000000999999999918e+00
1.000000999999999918e+00
1.000000999999999918e+00
1.000000999999999918e+00
1.000000999999999918e+00
1.000000999999999918e+00
1.000000999999999918e+00
1.000000999999999918e+00
1.000000999999999918e+00
1.000000999999999918e+00
1.000000999999999918e+00
1.000000999999999918e+00
1.000000999999999918e+00
1.000000999999999918e+00
1.000000999999999918e+00
1.000000999999999918e+00
1.000000999999999918e+00
1.000000999999999918e+00
1.000000999999999918e+00
1.000000999999999918e+00
1.000000999999999918e+00
1.000000999999999918e+00
1.000000999999999918e+00
1.000000999999999918e+00
1.000000999999999918e+00
1.000000999999999918e+00
1.000000999999999918e+00
1.000000999999999918e+00
1.000000999999999918e+00
1.000000999999999918e+00
1.000000999999999918e+00
1.000000999999999918e+00
1.000000999999999918e+00
1.000000999999999918e+00
1.000000999999999918e+00
1.000000999999999918e+00
1.000000999999999918e+00
1.000000999999999918e+00
1.000000999999999918e+00
1.000000999999999918e+00
1.000000999999999918e+00
1.000000999999999918e+00
1.000000999999999918e+00
1.000000999999999918e+00
1.000000999999999918e+00
1.000000999999999918e+00
1.000000999999999918e+00
1.000000999999999918e+00
1.000000999999999918e+00
1.000000999999999918e+00
1.000000999999999918e+00
1.000000999999999918e+00
1.000000999999999918e+00
1.000000999999999918e+00
1.000000999999999918e+00
1.000000999999999918e+00
1.000000999999999918e+00
1.000000999999999918e+00
1.000000999999999918e+00
1.000000999999999918e+00
1.000000999999999918e+00
1.000000999999999918e+00
1.000000999999999918e+00
1.000000999999999918e+00
1.000000999999999918e+00
1.000000999999999918e+00
1.000000999999999918e+00
1.000000999999999918e+00
1.000000999999999918e+00
1.000000999999999918e+00
1.000000999999999918e+00
1.000000999999999918e+00
1.000000999999999918e+00
1.000000999999999918e+00
1.000000999999999918e+00
1.000000999999999918e+00
1.000000999999999918e+00
1.000000999999999918e+00
1.000000999999999918e+00
1.000000999999999918e+00
1.000000999999999918e+00
1.000000999999999918e+00
1.000000999999999918e+00
1.000000999999999918e+00
1.000000999999999918e+00
1.000000999999999918e+00
1.000000999999999918e+00
1.000000999999999918e+00
1.000000999999999918e+00
1.000000999999999918e+00
1.000000999999999918e+00
1.000000999999999918e+00
1.000000999999999918e+00
1.000000999999999918e+00
1.000000999999999918e+00
1.000000999999999918e+00
1.000000999999999918e+00
1.000000999999999918e+00
1.000000999999999918e+00
1.000000999999999918e+00
1.000000999999999918e+00
1.000000999999999918e+00
1.000000999999999918e+00
1.000000999999999918e+00
1.000000999999999918e+00
1.000000999999999918e+00
1.000000999999999918e+00
1.000000999999999918e+00
1.000000999999999918e+00
1.000000999999999918e+00
1.000000999999999918e+00
1.000000999999999918e+00
1.000000999999999918e+00
1.000000999999999918e+00
1.000000999999999918e+00
1.000000999999999918e+00
1.000000999999999918e+00
1.000000999999999918e+00
1.000000999999999918e+00
1.000000999999999918e+00
1.000000999999999918e+00
1.000000999999999918e+00
1.000000999999999918e+00
1.000000999999999918e+00
1.000000999999999918e+00
1.000000999999999918e+00
1.000000999999999918e+00
1.000000999999999918e+00
1.000000999999999918e+00
1.000000999999999918e+00
1.000000999999999918e+00
1.000000999999999918e+00
1.000000999999999918e+00
1.000000999999999918e+00
1.000000999999999918e+00
1.000000999999999918e+00
1.000000999999999918e+00
1.000000999999999918e+00
1.000000999999999918e+00
1.000000999999999918e+00
1.000000999999999918e+00
1.000000999999999918e+00
1.000000999999999918e+00
1.000000999999999918e+00
1.000000999999999918e+00
1.000000999999999918e+00
1.000000999999999918e+00
1.000000999999999918e+00
1.000000999999999918e+00
1.000000999999999918e+00
1.000000999999999918e+00
1.000000999999999918e+00
1.000000999999999918e+00
1.000000999999999918e+00
1.000000999999999918e+00
1.000000999999999918e+00
1.000000999999999918e+00
1.000000999999999918e+00
1.000000999999999918e+00
1.000000999999999918e+00
1.000000999999999918e+00
1.000000999999999918e+00
1.000000999999999918e+00
1.000000999999999918e+00
1.000000999999999918e+00
1.000000999999999918e+00
1.000000999999999918e+00
1.000000999999999918e+00
1.000000999999999918e+00
1.000000999999999918e+00
1.000000999999999918e+00
1.000000999999999918e+00
1.000000999999999918e+00
1.000000999999999918e+00
1.000000999999999918e+00
1.000000999999999918e+00
1.000000999999999918e+00
1.000000999999999918e+00
1.000000999999999918e+00
1.000000999999999918e+00
1.000000999999999918e+00
1.000000999999999918e+00
1.000000999999999918e+00
1.000000999999999918e+00
1.000000999999999918e+00
1.000000999999999918e+00
1.000000999999999918e+00
1.000000999999999918e+00
1.000000999999999918e+00
1.000000999999999918e+00
1.000000999999999918e+00
1.000000999999999918e+00
1.000000999999999918e+00
1.000000999999999918e+00
1.000000999999999918e+00
1.000000999999999918e+00
1.000000999999999918e+00
1.000000999999999918e+00
1.000000999999999918e+00
1.000000999999999918e+00
1.000000999999999918e+00
1.000000999999999918e+00
1.000000999999999918e+00
1.000000999999999918e+00
1.000000999999999918e+00
1.000000999999999918e+00
1.000000999999999918e+00
1.000000999999999918e+00
1.000000999999999918e+00
1.000000999999999918e+00
1.000000999999999918e+00
1.000000999999999918e+00
1.000000999999999918e+00
1.000000999999999918e+00
1.000000999999999918e+00
1.000000999999999918e+00
1.000000999999999918e+00
1.000000999999999918e+00
1.000000999999999918e+00
1.000000999999999918e+00
1.000000999999999918e+00
1.000000999999999918e+00
1.000000999999999918e+00
1.000000999999999918e+00
1.000000999999999918e+00
1.000000999999999918e+00
1.000000999999999918e+00
1.000000999999999918e+00
1.000000999999999918e+00
1.000000999999999918e+00
1.000000999999999918e+00
1.000000999999999918e+00
1.000000999999999918e+00
1.000000999999999918e+00
1.000000999999999918e+00
1.000000999999999918e+00
1.000000999999999918e+00
1.000000999999999918e+00
1.000000999999999918e+00
1.000000999999999918e+00
1.000000999999999918e+00
1.000000999999999918e+00
1.000000999999999918e+00
1.000000999999999918e+00
1.000000999999999918e+00
1.000000999999999918e+00
1.000000999999999918e+00
1.000000999999999918e+00
1.000000999999999918e+00
1.000000999999999918e+00
1.000000999999999918e+00
1.000000999999999918e+00
1.000000999999999918e+00
1.000000999999999918e+00
1.000000999999999918e+00
1.000000999999999918e+00
1.000000999999999918e+00
1.000000999999999918e+00
1.000000999999999918e+00
1.000000999999999918e+00
1.000000999999999918e+00
1.000000999999999918e+00
1.000000999999999918e+00
1.000000999999999918e+00
1.000000999999999918e+00
1.000000999999999918e+00
1.000000999999999918e+00
1.000000999999999918e+00
1.000000999999999918e+00
1.000000999999999918e+00
1.000000999999999918e+00
1.000000999999999918e+00
1.000000999999999918e+00
1.000000999999999918e+00
1.000000999999999918e+00
1.000000999999999918e+00
1.000000999999999918e+00
1.000000999999999918e+00
1.000000999999999918e+00
1.000000999999999918e+00
1.000000999999999918e+00
1.000000999999999918e+00
1.000000999999999918e+00
1.000000999999999918e+00
1.000000999999999918e+00
1.000000999999999918e+00
1.000000999999999918e+00
1.000000999999999918e+00
1.000000999999999918e+00
1.000000999999999918e+00
1.000000999999999918e+00
1.000000999999999918e+00
1.000000999999999918e+00
1.000000999999999918e+00
1.000000999999999918e+00
1.000000999999999918e+00
1.000000999999999918e+00
1.000000999999999918e+00
1.000000999999999918e+00
1.000000999999999918e+00
1.000000999999999918e+00
1.000000999999999918e+00
1.000000999999999918e+00
1.000000999999999918e+00
1.000000999999999918e+00
1.000000999999999918e+00
1.000000999999999918e+00
1.000000999999999918e+00
1.000000999999999918e+00
1.000000999999999918e+00
1.000000999999999918e+00
1.000000999999999918e+00
1.000000999999999918e+00
1.000000999999999918e+00
1.000000999999999918e+00
1.000000999999999918e+00
1.000000999999999918e+00
1.000000999999999918e+00
1.000000999999999918e+00
1.000000999999999918e+00
1.000000999999999918e+00
1.000000999999999918e+00
1.000000999999999918e+00
1.000000999999999918e+00
1.000000999999999918e+00
1.000000999999999918e+00
1.000000999999999918e+00
1.000000999999999918e+00
1.000000999999999918e+00
1.000000999999999918e+00
1.000000999999999918e+00
1.000000999999999918e+00
1.000000999999999918e+00
1.000000999999999918e+00
1.000000999999999918e+00
1.000000999999999918e+00
1.000000999999999918e+00
1.000000999999999918e+00
1.000000999999999918e+00
1.000000999999999918e+00
1.000000999999999918e+00
1.000000999999999918e+00
1.000000999999999918e+00
1.000000999999999918e+00
1.000000999999999918e+00
1.000000999999999918e+00
1.000000999999999918e+00
1.000000999999999918e+00
1.000000999999999918e+00
1.000000999999999918e+00
1.000000999999999918e+00
1.000000999999999918e+00
1.000000999999999918e+00
1.000000999999999918e+00
1.000000999999999918e+00
1.000000999999999918e+00
1.000000999999999918e+00
1.000000999999999918e+00
1.000000999999999918e+00
1.000000999999999918e+00
1.000000999999999918e+00
1.000000999999999918e+00
1.000000999999999918e+00
1.000000999999999918e+00
1.000000999999999918e+00
1.000000999999999918e+00
1.000000999999999918e+00
1.000000999999999918e+00
1.000000999999999918e+00
1.000000999999999918e+00
1.000000999999999918e+00
1.000000999999999918e+00
1.000000999999999918e+00
1.000000999999999918e+00
1.000000999999999918e+00
1.000000945146906739e+00
1.000000958191217482e+00
1.000000999999999918e+00
1.000000999999999918e+00
1.000000999999999918e+00
1.000000999999999918e+00
1.000000999999999918e+00
1.000000999999999918e+00
1.000000999999999918e+00
1.000000999999999918e+00
1.000000999999999918e+00
1.000000999999999918e+00
1.000000999999999918e+00
1.000000999999999918e+00
1.000000999999999918e+00
1.000000999999999918e+00
1.000000999999999918e+00
1.000000999999999918e+00
1.000000999999999918e+00
1.000000999999999918e+00
1.000000999999999918e+00
1.000000999999999918e+00
1.000000999999999918e+00
1.000000999999999918e+00
1.000000999999999918e+00
1.000000999999999918e+00
1.000000999999999918e+00
1.000000999999999918e+00
1.000000999999999918e+00
1.000000999999999918e+00
1.000000959022184333e+00
1.000000999999999918e+00
1.000000999999999918e+00
1.000000999999999918e+00
1.000000999999999918e+00
1.000000999999999918e+00
1.000000999999999918e+00
1.000000999999999918e+00
1.000000999999999918e+00
1.000000999999999918e+00
1.000000999999999918e+00
1.000000999999999918e+00
1.000000999999999918e+00
1.000000999999999918e+00
1.000000999999999918e+00
1.000000999999999918e+00
1.000000999999999918e+00
1.000000999999999918e+00
1.000000999999999918e+00
1.000000999999999918e+00
1.000000999999999918e+00
1.000000999999999918e+00
1.000000999999999918e+00
1.000000999999999918e+00
1.000000999999999918e+00
1.000000999999999918e+00
1.000000999999999918e+00
1.000000999999999918e+00
1.000000999999999918e+00
1.000000999999999918e+00
1.000000999999999918e+00
1.000000999999999918e+00
1.000000999999999918e+00
1.000000999999999918e+00
1.000000999999999918e+00
1.000000999999999918e+00
1.000000999999999918e+00
1.000000999999999918e+00
1.000000999999999918e+00
1.000000999999999918e+00
1.000000999999999918e+00
1.000000999999999918e+00
1.000000999999999918e+00
1.000000999999999918e+00
1.000000999999999918e+00
1.000000999999999918e+00
1.000000999999999918e+00
1.000000999999999918e+00
1.000000999999999918e+00
1.000000999999999918e+00
1.000000999999999918e+00
1.000000999999999918e+00
1.000000999999999918e+00
1.000000999999999918e+00
1.000000999999999918e+00
1.000000999999999918e+00
1.000000999999999918e+00
1.000000999999999918e+00
1.000000999999999918e+00
1.000000999999999918e+00
1.000000999999999918e+00
1.000000999999999918e+00
1.000000999999999918e+00
1.000000999999999918e+00
1.000000999999999918e+00
1.000000999999999918e+00
1.000000999999999918e+00
1.000000999999999918e+00
1.000000999999999918e+00
1.000000999999999918e+00
1.000000999999999918e+00
1.000000999999999918e+00
1.000000999999999918e+00
1.000000999999999918e+00
1.000000999999999918e+00
1.000000999999999918e+00
1.000000999999999918e+00
1.000000999999999918e+00
1.000000999999999918e+00
1.000000975796805580e+00
1.000000991411358342e+00
1.000000964934961933e+00
1.000000988727523632e+00
1.000000997792553026e+00
1.000000976838360645e+00
1.000000979045052585e+00
1.000000999999999918e+00
1.000000999999999918e+00
1.000000999999999918e+00
1.000000987980247391e+00
1.000000984398294213e+00
1.000000992764770391e+00
1.000000999999999918e+00
1.000000999999999918e+00
1.000000999999999918e+00
1.000000999999999918e+00
1.000000999999999918e+00
1.000000999999999918e+00
1.000000999999999918e+00
1.000000999999999918e+00
1.000000999999999918e+00
1.000000999582295602e+00
1.000000995121534064e+00
1.000000999999999918e+00
1.000000999999999918e+00
1.000000999999999918e+00
1.000000999999999918e+00
1.000000999999999918e+00
1.000000999999999918e+00
1.000000999999999918e+00
1.000000999999999918e+00
1.000000999999999918e+00
1.000000999999999918e+00
1.000000999999999918e+00
1.000000999999999918e+00
1.000000999999999918e+00
1.000000999999999918e+00
1.000000999999999918e+00
1.000000999999999918e+00
1.000000995862244446e+00
1.000000997805349678e+00
1.000000995805582882e+00
1.000000998339988900e+00
1.000000990860324457e+00
1.000000995191128839e+00
1.000000999999999918e+00
1.000000999999999918e+00
1.000000999999999918e+00
1.000000999999999918e+00
1.000000999999999918e+00
1.000000999999999918e+00
1.000000999999999918e+00
1.000000999999999918e+00
1.000000999999999918e+00
1.000000999999999918e+00
1.000000999999999918e+00
1.000000999999999918e+00
1.000000999999999918e+00
1.000000999999999918e+00
1.000000999999999918e+00
1.000000998797486940e+00
1.000000999955305447e+00
1.000000998455185863e+00
1.000000999631232235e+00
1.000000999004527769e+00
1.000000999999999918e+00
1.000000999999999918e+00
1.000000999999999918e+00
1.000000999999999918e+00
1.000000999999999918e+00
1.000000999999999918e+00
1.000000999999999918e+00
1.000000999719413253e+00
1.000000997481814258e+00
1.000000999759321774e+00
1.000000999996925932e+00
1.000000999999999918e+00
1.000000999999999918e+00
1.000000999999999918e+00
1.000000999999999918e+00
1.000000999999999918e+00
1.000000999999999918e+00
1.000000999999998808e+00
1.000000999999999918e+00
1.000000999999999918e+00
1.000000999999999918e+00
1.000000999617430830e+00
1.000000999999999918e+00
1.000000999999999918e+00
1.000000999999999918e+00
1.000000999999999918e+00
1.000000999999999918e+00
1.000000999999999918e+00
1.000000999999999918e+00
1.000000999999999918e+00
1.000000999999999918e+00
1.000000999999986595e+00
1.000000999999999918e+00
1.000000999999999918e+00
1.000000999999999918e+00
1.000000999999880902e+00
1.000000999946117686e+00
1.000000999962626924e+00
1.000000999654933054e+00
1.000000998501916039e+00
1.000000999528135814e+00
1.000000999999999918e+00
1.000000999999999918e+00
1.000000999999999918e+00
1.000000999999999918e+00
1.000000999999999918e+00
1.000000999999999918e+00
1.000000999999999918e+00
1.000000999999999918e+00
1.000000999999999918e+00
1.000000999999999918e+00
1.000000999999999918e+00
1.000000999999999918e+00
1.000000999867316054e+00
1.000000999999861806e+00
1.000000999999997475e+00
1.000000999991265571e+00
1.000000999999999918e+00
1.000000999925005241e+00
1.000000999983124084e+00
1.000000999988063910e+00
1.000000999999814288e+00
1.000000999998798434e+00
1.000000999999890672e+00
1.000000999999999918e+00
1.000000999999999918e+00
1.000000999999999918e+00
1.000000999999999918e+00
1.000000999585128003e+00
1.000000999998875928e+00
1.000000999999999918e+00
1.000000999999999918e+00
1.000000999999999918e+00
1.000000999999999918e+00
1.000000999999998363e+00
1.000000999999999918e+00
1.000000999999999918e+00
1.000000999999999918e+00
1.000000999997388451e+00
1.000000999984983041e+00
1.000000998966627863e+00
1.000000999999999918e+00
1.000000999999999918e+00
1.000000999999999918e+00
1.000000999999999918e+00
1.000000999999999918e+00
1.000000999999999918e+00
1.000000999999999918e+00
1.000000999999999918e+00
1.000000999999999918e+00
1.000000999999999918e+00
1.000000999999999918e+00
1.000000999999999918e+00
1.000000999977059157e+00
1.000000999823975611e+00
1.000000999999999918e+00
1.000000999999981266e+00
1.000000999918690070e+00
1.000000999999937745e+00
1.000000999998124085e+00
1.000000999999999918e+00
1.000000999999999918e+00
1.000000999999999918e+00
1.000000999910844124e+00
1.000000999999999918e+00
1.000000999999999918e+00
1.000000999999999918e+00
1.000000999999999918e+00
1.000000999999909546e+00
1.000000999999997697e+00
1.000000999999999918e+00
1.000000999999999918e+00
1.000000999999977713e+00
1.000000999997968432e+00
1.000000999998399420e+00
1.000000999670554780e+00
1.000000999999999918e+00
1.000000999999999918e+00
1.000000999987460171e+00
1.000000999942086244e+00
1.000000999979780314e+00
1.000000999999939522e+00
1.000000999988056138e+00
1.000000999999999918e+00
1.000000999999999918e+00
1.000000999999999918e+00
1.000000999999999918e+00
1.000000999999999918e+00
1.000000999999999918e+00
1.000000999999999918e+00
1.000000999999999918e+00
1.000000999999999918e+00
1.000000999999999918e+00
1.000000999999999918e+00
1.000000999999999918e+00
1.000000999999999918e+00
1.000000999999999918e+00
1.000000999999999918e+00
1.000000999997675999e+00
1.000000999999998808e+00
1.000000999999999918e+00
1.000000999999999696e+00
1.000000999999430595e+00
1.000000999989228978e+00
1.000000999999999918e+00
1.000000999999999918e+00
1.000000999999999918e+00
1.000000999999999918e+00
1.000000999999999918e+00
1.000000999999999918e+00
1.000000999999999918e+00
1.000000999999999918e+00
1.000000999999999918e+00
1.000000999999999918e+00
1.000000999999998141e+00
1.000000999999999918e+00
1.000000999996868201e+00
1.000000999948925884e+00
1.000000999993725159e+00
1.000000999999721918e+00
1.000000999999997919e+00
1.000000999999771656e+00
1.000000999999999918e+00
1.000000999999999918e+00
1.000000999999999918e+00
1.000000999999517637e+00
1.000000999984454353e+00
1.000000999999999918e+00
1.000000999999999918e+00
1.000000999999999918e+00
1.000000999999999696e+00
1.000000999999999918e+00
1.000000999999999918e+00
1.000000999999999918e+00
1.000000999999999918e+00
1.000000999999964391e+00
1.000000999999801410e+00
1.000000999999720586e+00
1.000000999994590689e+00
1.000000999999999918e+00
1.000000999999999918e+00
1.000000999999999918e+00
1.000000999999997697e+00
1.000000999999999918e+00
1.000000999999999918e+00
1.000000999999999918e+00
1.000000999999999918e+00
1.000000999999999918e+00
1.000000999999941742e+00
1.000000999999999918e+00
1.000000999999999918e+00
1.000000999999999918e+00
1.000000999999999918e+00
1.000000999999999252e+00
1.000000999998923890e+00
1.000000999999968831e+00
1.000000999999972384e+00
1.000000999999999918e+00
1.000000999999999918e+00
1.000000999999999918e+00
1.000000999999982154e+00
1.000000999997980422e+00
1.000000999999999918e+00
1.000000999999999918e+00
1.000000999999999918e+00
1.000000999999999918e+00
1.000000999999999918e+00
1.000000999999999918e+00
1.000000999999999696e+00
1.000000999999999918e+00
1.000000999999999918e+00
1.000000999999999918e+00
1.000000999998829077e+00
1.000000999999999696e+00
1.000000999999999918e+00
1.000000999999999918e+00
1.000000999999999918e+00
1.000000999999991258e+00
1.000000999999796747e+00
1.000000999999999918e+00
1.000000999999997031e+00
1.000000999999999918e+00
1.000000999999999918e+00
1.000000999999999918e+00
1.000000999999712370e+00
1.000000999999999918e+00
1.000000999999971274e+00
1.000000999999999918e+00
1.000000999999999918e+00
1.000000999999999918e+00
1.000000999999996365e+00
1.000000999999940854e+00
1.000000999999999918e+00
1.000000999999999918e+00
1.000000999999999918e+00
1.000000999999999918e+00
1.000000999999999918e+00
1.000000999999999918e+00
1.000000999999998808e+00
1.000000999999322238e+00
1.000000999999999918e+00
1.000000999999988816e+00
1.000000999999999918e+00
1.000000999999999918e+00
1.000000999999999918e+00
1.000000999999999474e+00
1.000000999999999918e+00
1.000000999999996365e+00
1.000000999999999918e+00
1.000000999999999918e+00
1.000000999999999918e+00
1.000000999999999918e+00
1.000000999999999918e+00
1.000000999999999918e+00
1.000000999999999918e+00
1.000000999999999918e+00
1.000000999999999918e+00
1.000000999999990592e+00
1.000000999999999918e+00
1.000000999999999918e+00
1.000000999999982598e+00
1.000000999999995477e+00
1.000000999999999030e+00
1.000000999999999918e+00
1.000000999999999918e+00
1.000000999999999918e+00
1.000000999999999918e+00
1.000000999999999918e+00
1.000000999999999918e+00
1.000000999999999918e+00
1.000000999999999918e+00
1.000000999999999918e+00
1.000000999999999918e+00
1.000000999999999918e+00
1.000000999999999474e+00
1.000000999999997253e+00
1.000000999999999918e+00
1.000000999999999918e+00
1.000000999999999918e+00
1.000000999999999918e+00
1.000000999999999918e+00
1.000000999999999918e+00
1.000000999999999918e+00
1.000000999999999696e+00
1.000000999999999918e+00
1.000000999999999918e+00
1.000000999999999696e+00
1.000000999999999918e+00
1.000000999999999918e+00
1.000000999999999918e+00
1.000000999999999918e+00
1.000000999999999918e+00
1.000000999999999918e+00
1.000000999999999918e+00
1.000000999999999918e+00
1.000000999999999918e+00
1.000000999999999918e+00
1.000000999999999918e+00
1.000000999999999918e+00
1.000000999999999918e+00
1.000000999999999918e+00
1.000000999999999918e+00
1.000000999999999918e+00
1.000000999999999918e+00
1.000000999999999918e+00
1.000000999999999918e+00
1.000000999999999918e+00
1.000000999999999918e+00
9.910916942688378084e-01
9.886831766578714209e-01
9.933117135832151279e-01
9.896906940657766993e-01
9.954202258157018868e-01
9.950610191748558986e-01
9.906641089911419895e-01
9.919492531662654766e-01
9.981550603622496576e-01
9.969676040331216793e-01
9.917806719308150942e-01
9.933769758550747841e-01
9.899073743070999631e-01
1.000000885149620711e+00
1.000000952876593852e+00
1.000000999999999918e+00
1.000000999999999918e+00
1.000000999999999918e+00
1.000000999999999918e+00
1.000000999999999918e+00
1.000000999999999918e+00
1.000000999999999918e+00
1.000000999999999918e+00
1.000000999999999918e+00
1.000000999999999918e+00
1.000000999999999918e+00
1.000000999999999918e+00
1.000000999999999918e+00
1.000000999999999918e+00
9.991170056755057649e-01
9.994504751706619894e-01
9.960073196479123370e-01
9.989360575661323516e-01
9.939064465873704846e-01
9.981583066000938587e-01
9.995601751934141133e-01
9.982687796648533896e-01
9.996000388462368269e-01
9.978330943484371440e-01
9.948674327143526286e-01
9.997937398236762530e-01
9.966628810774958991e-01
9.997911607849436777e-01
1.000000847032937346e+00
9.919945812537738217e-01
9.999356795220958327e-01
9.998487110853586657e-01
9.969126524744151840e-01
9.999134952547859001e-01
9.991873329765049716e-01
9.999745489491880246e-01
9.999491629598019626e-01
1.000000999999999918e+00
1.000000999999999918e+00
1.000000999999999918e+00
1.000000999999999918e+00
1.000000999999999918e+00
1.000000999999999918e+00
1.000000999999999918e+00
1.000000999999999918e+00
1.000000999999999918e+00
1.000000999999999918e+00
1.000000999999999918e+00
9.951716190370444304e-01
9.999942129598796692e-01
9.999862311031760820e-01
9.939231608980042543e-01
9.989393543260939312e-01
9.999932033648066820e-01
9.999337330382789268e-01
9.999963007984267183e-01
1.000000999999999918e+00
1.000000999999999918e+00
1.000000999999999918e+00
1.000000999999999918e+00
1.000000999999999918e+00
1.000000999999999918e+00
1.000000999999999918e+00
1.000000999999999918e+00
1.000000999999999918e+00
9.963481747515742226e-01
9.974254876440721285e-01
1.000000958928388251e+00
1.000000328746799116e+00
9.999982572826641158e-01
9.967325501990526027e-01
9.993210283174881470e-01
9.999789821425099090e-01
9.999783388898110248e-01
1.000000999999999918e+00
1.000000999999999918e+00
1.000000999999999918e+00
1.000000999999999918e+00
1.000000999999999918e+00
1.000000999999999918e+00
1.000000999999999918e+00
1.000000999999999918e+00
1.000000999999999918e+00
1.000000999999999918e+00
1.000000999999999918e+00
1.000000999999999918e+00
1.000000999999999918e+00
1.000000999999999918e+00
1.000000999999999918e+00
9.974445816752343097e-01
9.982805719645905240e-01
1.000000939688591384e+00
1.000000795634163664e+00
9.999982315069751992e-01
9.983760570432209658e-01
9.999920182405931390e-01
9.996699490899839669e-01
1.000000631657712802e+00
1.000000999999999918e+00
1.000000999999999918e+00
1.000000999999999918e+00
1.000000999999999918e+00
1.000000281759656051e+00
9.983443671564844468e-01
9.992519711473761834e-01
1.000000568067277440e+00
9.988051458598564691e-01
1.000000750425471541e+00
1.000000998945863140e+00
1.000000943629806960e+00
1.000000521858207314e+00
1.000000999949705704e+00
1.000000915242168276e+00
1.000000989013696273e+00
9.998319236417605449e-01
1.000000978718770028e+00
1.000000996429205369e+00
1.000000845544596784e+00
1.000000984997611919e+00
1.000000998700027122e+00
1.000000999999999918e+00
1.000000999999999918e+00
1.000000999999999918e+00
1.000000999999999918e+00
1.000000999999999918e+00
1.000000999999999918e+00
1.000000999999999918e+00
1.000000999999999918e+00
1.000000999999999918e+00
1.000000999998793105e+00
1.000000675333187594e+00
9.988235793304673926e-01
1.000000999304129445e+00
1.000000989749771474e+00
9.990058767996063960e-01
9.999997998310432568e-01
9.999989976238252698e-01
1.000000999999999918e+00
1.000000999999999918e+00
1.000000999999999918e+00
1.000000999999999918e+00
1.000000999999999918e+00
9.991648398712619228e-01
1.000000937970675352e+00
1.000000973784524794e+00
9.997608539574476261e-01
9.996064961002180116e-01
9.999999805829117294e-01
1.000000999942225466e+00
1.000000947872428325e+00
1.000000999922469047e+00
1.000000974448984170e+00
1.000000997959848315e+00
1.000000999999999918e+00
1.000000999999999918e+00
1.000000999999999918e+00
1.000000999999999918e+00
1.000000999999999918e+00
1.000000999999999918e+00
1.000000999996002227e+00
1.000000999911653476e+00
1.000000999913509991e+00
1.000000998823706855e+00
9.999976905941503347e-01
1.000000999999999918e+00
1.000000999999999918e+00
9.998492517060320051e-01
9.999689395645697809e-01
9.999987174239214349e-01
1.000000999999970608e+00
1.000000256577267654e+00
1.000000999998536866e+00
1.000000999856688777e+00
1.000000999999999918e+00
1.000000999999999918e+00
1.000000999999999918e+00
1.000000999999991036e+00
9.993553076652196276e-01
1.000000834674299899e+00
9.995948247562940203e-01
9.999959045067696728e-01
1.000000996013063359e+00
1.000000999997159967e+00
1.000000999999999252e+00
1.000000999999999918e+00
1.000000999999999918e+00
1.000000999999999918e+00
1.000000999999999918e+00
1.000000999999999918e+00
1.000000999999697493e+00
9.996557727495057888e-01
9.996123299372903226e-01
1.000000997653936574e+00
9.999539527976645248e-01
9.999992475884599274e-01
1.000000999999999918e+00
1.000000999992443962e+00
1.000000999128630497e+00
1.000000999992088468e+00
1.000000999999999918e+00
1.000000999999999918e+00
1.000000999999999918e+00
1.000000999999999918e+00
9.999970495032699525e-01
9.998206482951838003e-01
1.000000999999999918e+00
1.000000999999999918e+00
1.000000999999999918e+00
1.000000999999999918e+00
9.999900378663373335e-01
1.000000999999950624e+00
1.000000999998152285e+00
1.000000879439591372e+00
1.000000999668351653e+00
1.000000999999999918e+00
1.000000999999999696e+00
1.000000999999999918e+00
1.000000999999999918e+00
1.000000999999999918e+00
1.000000999999999918e+00
1.000000999999983264e+00
9.996103511152710785e-01
9.999337352472110751e-01
1.000000999999999918e+00
9.998482236578882798e-01
1.000000999999999918e+00
1.000000999993556405e+00
9.999096873312757205e-01
1.000000999999999918e+00
9.999784007620821091e-01
1.000000372312262575e+00
9.999969298746783641e-01
1.000000999999983708e+00
9.999918698819179053e-01
9.999589882545804054e-01
9.999555181907552326e-01
1.000000999999999918e+00
1.000000999999999918e+00
1.000000999999999918e+00
1.000000999999999918e+00
9.999591919671892981e-01
1.000000701557562710e+00
1.000000999999994589e+00
1.000000999999579809e+00
1.000000999999999918e+00
1.000000999999999918e+00
1.000000999999999918e+00
9.998257400309831233e-01
1.000000999999999918e+00
1.000000999999999918e+00
1.000000999999999918e+00
1.000000999999998808e+00
9.999991258834075580e-01
1.000000990741568563e+00
1.000000999999999918e+00
1.000000999999999918e+00
1.000000999999999918e+00
1.000000999999999918e+00
1.000000996253089580e+00
9.999799326205106587e-01
1.000000999999999918e+00
1.000000999999999918e+00
1.000000999999783868e+00
9.999937394668699797e-01
1.000000999587408623e+00
1.000000999994950179e+00
1.000000999999905327e+00
1.000000999087857778e+00
1.000000999999999918e+00
9.999148404052330408e-01
1.000000933596642883e+00
1.000000999999999918e+00
1.000000999999997919e+00
1.000000999999999918e+00
1.000000999999999918e+00
9.999934643353945996e-01
1.000000248075732401e+00
1.000000999999999252e+00
1.000000999999999918e+00
1.000000999999999918e+00
1.000000999999999918e+00
1.000000999999999918e+00
1.000000999999999918e+00
1.000000589606857115e+00
1.000000349591163129e+00
9.999764963819542940e-01
9.999964778410698196e-01
9.999812584867391330e-01
1.000000975931453207e+00
9.998874562331481197e-01
1.000000999999999918e+00
1.000000999999755891e+00
1.000000999981577987e+00
1.000000999936728086e+00
1.000000999999999696e+00
1.000000988815999525e+00
1.000000999999970830e+00
1.000000999999999918e+00
1.000000999999999918e+00
1.000000999999999918e+00
1.000000999999999918e+00
1.000000968587778205e+00
1.000000999999936635e+00
1.000000999999999918e+00
1.000000999999999918e+00
1.000000999999999918e+00
1.000000999999999918e+00
9.999939062480721619e-01
1.000000998931504181e+00
1.000000999999999918e+00
1.000000999999999918e+00
1.000000487266719640e+00
1.000000999999999918e+00
1.000000999960439563e+00
9.999620729595914970e-01
1.000000999999985929e+00
1.000000993785335579e+00
1.000000999999999918e+00
1.000000999999999918e+00
1.000000999999999918e+00
9.999975240766150186e-01
1.000000999999999918e+00
1.000000999999999918e+00
1.000000999999999918e+00
1.000000999999999918e+00
1.000000999999999918e+00
1.000000999999999918e+00
1.000000999999999918e+00
1.000000999999999918e+00
1.000000999998212459e+00
1.000000997206071052e+00
1.000000999999358431e+00
9.999995966111953072e-01
9.999465498506694416e-01
9.999901802792618977e-01
1.000000202478000810e+00
1.000000270716886908e+00
1.000000999999986595e+00
1.000000999999976825e+00
1.000000811902892917e+00
1.000000999999999918e+00
1.000000999999999918e+00
1.000000999999999918e+00
9.999909338197952025e-01
1.000000941537550814e+00
1.000000986823116111e+00
1.000000999999999918e+00
1.000000999999799189e+00
1.000000999999999696e+00
1.000000999999923534e+00
1.000000908436132097e+00
1.000000999779990352e+00
1.000000999999999918e+00
1.000000999999999918e+00
1.000000999999999918e+00
9.999918612732259238e-01
1.000000999935060531e+00
1.000000999999286044e+00
1.000000999999999918e+00
1.000000999999999918e+00
1.000000999999999918e+00
1.000000999999683060e+00
1.000000999999999918e+00
1.000000999999999918e+00
1.000000999999999918e+00
1.000000999999999918e+00
1.000000999999999918e+00
1.000000999994480111e+00
1.000000730595157261e+00
9.999973707606701900e-01
1.000000945545862718e+00
1.000000773126209497e+00
1.000000931798540993e+00
1.000000999999999030e+00
1.000000971157066987e+00
1.000000999999999918e+00
1.000000999999999474e+00
1.000000999999999918e+00
1.000000999999999918e+00
1.000000999999999918e+00
1.000000976064604918e+00
9.999992050041632830e-01
1.000000999999999918e+00
1.000000999999999918e+00
1.000000999999996143e+00
1.000000999143294544e+00
1.000000999999999918e+00
1.000000999999999918e+00
1.000000999999999918e+00
1.000000999793654755e+00
1.000000999999997253e+00
1.000000996866970082e+00
1.000000999999999918e+00
1.000000238782906781e+00
1.000000999999999918e+00
1.000000999996662365e+00
1.000000943977037871e+00
1.000000999977386451e+00
1.000000999999999918e+00
1.000000989862388057e+00
1.000000999999999918e+00
1.000000999999999918e+00
1.000000999999999918e+00
1.000000999999992590e+00
1.000000999907302290e+00
1.000000995119731062e+00
1.000000999999999918e+00
1.000000999999999918e+00
1.000000999999999918e+00
1.000000999999999918e+00
1.000000999999999696e+00
1.000000999999968387e+00
1.000000999963394310e+00
1.000000999999999918e+00
1.000000999688710923e+00
1.000000999999985041e+00
1.000000991294404562e+00
1.000000988529491153e+00
1.000000919376804465e+00
1.000000999999999918e+00
1.000000970556586433e+00
1.000000999999999918e+00
1.000000999999999918e+00
1.000000999991365047e+00
1.000000999319267114e+00
1.000000999999999918e+00
1.000000999999999918e+00
1.000000999999999918e+00
1.000000996096694905e+00
1.000000999999998363e+00
1.000000999998070128e+00
1.000000999687619574e+00
1.000000999999999918e+00
1.000000999998568840e+00
1.000000999501198695e+00
1.000000998851503953e+00
1.000000999999999918e+00
1.000000999999999918e+00
1.000000999999999918e+00
1.000000999999999918e+00
1.000000999999999918e+00
1.000000999999853812e+00
1.000000999999999030e+00
1.000000998606257907e+00
1.000000999953767788e+00
1.000000999999999918e+00
1.000000999866570650e+00
1.000000999999694384e+00
1.000000999992686657e+00
1.000000999999999918e+00
1.000000999999999918e+00
1.000000999999999918e+00
1.000000999999999918e+00
1.000000999999992368e+00
1.000000999993603923e+00
1.000000999940047430e+00
1.000000999982163963e+00
1.000000999999999918e+00
1.000000999999647755e+00
1.000000999999884455e+00
1.000000999999999918e+00
1.000000999998690521e+00
1.000000999999999030e+00
1.000000999999997031e+00
1.000000999999609563e+00
1.000000999999999918e+00
1.000000999999957285e+00
1.000000999999991258e+00
1.000000999999999918e+00
1.000000999999999918e+00
1.000000999999999918e+00
1.000000999999999918e+00
1.000000999999999918e+00
1.000000999999999918e+00
1.000000999999999918e+00
1.000000999999999918e+00
1.000000999999999918e+00
1.000000999999999918e+00
1.000000999999999918e+00
1.000000999999999918e+00
1.000000999999999918e+00
1.000000999999999918e+00
1.000000999999999918e+00
1.000000999999999918e+00
1.000000999999999918e+00
1.000000999999999918e+00
1.000000999999999918e+00
1.000000999999999918e+00
1.000000999999999918e+00
1.000000999999999918e+00
1.000000999999999918e+00
1.000000999999999918e+00
1.000000999999999918e+00
1.000000999999999918e+00
9.905115059066716965e-01
9.927869684385335347e-01
1.000000999999999918e+00
1.000000999999999918e+00
1.000000999999999918e+00
1.000000999999999918e+00
1.000000999999999918e+00
1.000000999999999918e+00
1.000000999999999918e+00
1.000000999999999918e+00
1.000000999999999918e+00
1.000000999999999918e+00
1.000000999999999918e+00
1.000000999999999918e+00
1.000000999999999918e+00
1.000000999999999918e+00
1.000000999999999918e+00
1.000000999999999918e+00
1.000000999999999918e+00
1.000000999999999918e+00
1.000000999999999918e+00
1.000000999999999918e+00
1.000000999999999918e+00
1.000000999999999918e+00
1.000000999999999918e+00
1.000000999999999918e+00
1.000000999999999918e+00
1.000000999999999918e+00
1.000000999999999918e+00
1.000000999999999918e+00
9.937841747714236673e-01
1.000000999999999918e+00
1.000000999999999918e+00
1.000000999999999918e+00
1.000000999999999918e+00
1.000000999999999918e+00
1.000000999999999918e+00
1.000000999999999918e+00
1.000000999999999918e+00
1.000000999999999918e+00
1.000000999999999918e+00
1.000000999999999918e+00
1.000000999999999918e+00
1.000000999999999918e+00
1.000000999999999918e+00
1.000000999999999918e+00
1.000000999999999918e+00
1.000000999999999918e+00
1.000000999999999918e+00
1.000000999999999918e+00
1.000000999999999918e+00
1.000000999999999918e+00
1.000000999999999918e+00
1.000000999999999918e+00
1.000000999999999918e+00
1.000000999999999918e+00
1.000000999999999918e+00
1.000000999999999918e+00
1.000000999999999918e+00
1.000000999999999918e+00
1.000000999999999918e+00
1.000000999999999918e+00
1.000000999999999918e+00
1.000000999999999918e+00
1.000000999999999918e+00
1.000000999999999918e+00
1.000000999999999918e+00
1.000000999999999918e+00
1.000000999999999918e+00
1.000000999999999918e+00
1.000000999999999918e+00
1.000000999999999918e+00
1.000000999999999918e+00
1.000000999999999918e+00
1.000000999999999918e+00
1.000000999999999918e+00
1.000000999999999918e+00
1.000000999999999918e+00
1.000000999999999918e+00
1.000000999999999918e+00
1.000000999999999918e+00
1.000000999999999918e+00
1.000000999999999918e+00
1.000000999999999918e+00
1.000000999999999918e+00
1.000000999999999918e+00
1.000000999999999918e+00
1.000000999999999918e+00
1.000000999999999918e+00
1.000000999999999918e+00
1.000000999999999918e+00
1.000000999999999918e+00
1.000000999999999918e+00
1.000000999999999918e+00
1.000000999999999918e+00
1.000000999999999918e+00
1.000000999999999918e+00
1.000000999999999918e+00
1.000000999999999918e+00
1.000000999999999918e+00
1.000000999999999918e+00
1.000000999999999918e+00
1.000000999999999918e+00
1.000000999999999918e+00
1.000000999999999918e+00
1.000000999999999918e+00
1.000000999999999918e+00
1.000000999999999918e+00
1.000000999999999918e+00
9.971642547066688067e-01
9.987640080226229955e-01
9.944422891283791754e-01
9.991320383874616740e-01
9.997425513372375505e-01
9.970303780573223085e-01
9.967296659755369159e-01
1.000000999999999918e+00
1.000000999999999918e+00
1.000000999999999918e+00
9.989329984396861928e-01
9.979449578471657478e-01
9.990752037860256562e-01
1.000000999999999918e+00
1.000000999999999918e+00
1.000000999999999918e+00
1.000000999999999918e+00
1.000000999999999918e+00
1.000000999999999918e+00
1.000000999999999918e+00
1.000000999999999918e+00
1.000000999999999918e+00
9.999615488873879743e-01
9.997541781785255210e-01
1.000000999999999918e+00
1.000000999999999918e+00
1.000000999999999918e+00
1.000000999999999918e+00
1.000000999999999918e+00
1.000000999999999918e+00
1.000000999999999918e+00
1.000000999999999918e+00
1.000000999999999918e+00
1.000000999999999918e+00
1.000000999999999918e+00
1.000000999999999918e+00
1.000000999999999918e+00
1.000000999999999918e+00
1.000000999999999918e+00
1.000000999999999918e+00
9.998298482488418015e-01
9.997516136059928504e-01
9.997632426191488397e-01
9.998500047638841925e-01
9.991319028337052321e-01
9.995389938835435029e-01
1.000000999999999918e+00
1.000000999999999918e+00
1.000000999999999918e+00
1.000000999999999918e+00
1.000000999999999918e+00
1.000000999999999918e+00
1.000000999999999918e+00
1.000000999999999918e+00
1.000000999999999918e+00
1.000000999999999918e+00
1.000000999999999918e+00
1.000000999999999918e+00
1.000000999999999918e+00
1.000000999999999918e+00
1.000000999999999918e+00
9.999801897549501772e-01
9.999982161230610567e-01
9.999661624880765709e-01
9.999703662680090588e-01
9.999427702838772358e-01
1.000000999999999918e+00
1.000000999999999918e+00
1.000000999999999918e+00
1.000000999999999918e+00
1.000000999999999918e+00
1.000000999999999918e+00
1.000000999999999918e+00
9.999994784219526922e-01
9.998513641842990962e-01
9.999882763940087793e-01
1.000000876665810390e+00
1.000000999999999918e+00
1.000000999999999918e+00
1.000000999999999918e+00
1.000000999999999918e+00
1.000000999999999918e+00
1.000000999999999918e+00
1.000000999999999918e+00
1.000000999999999918e+00
1.000000999999999918e+00
1.000000999999999918e+00
9.999981412614247223e-01
1.000000999999999918e+00
1.000000999999999918e+00
1.000000999999999918e+00
1.000000999999999918e+00
1.000000999999999918e+00
1.000000999999999918e+00
1.000000999999999918e+00
1.000000999999999918e+00
1.000000999999999918e+00
1.000000999999998808e+00
1.000000999999999918e+00
1.000000999999999918e+00
1.000000999999999918e+00
1.000000997296134786e+00
1.000000933239299616e+00
9.999992690296446440e-01
9.999750959855205901e-01
9.999610400507810137e-01
9.999869612395899665e-01
1.000000999999999918e+00
1.000000999999999918e+00
1.000000999999999918e+00
1.000000999999999918e+00
1.000000999999999918e+00
1.000000999999999918e+00
1.000000999999999918e+00
1.000000999999999918e+00
1.000000999999999918e+00
1.000000999999999918e+00
1.000000999999999918e+00
1.000000999999999696e+00
9.999972744281834247e-01
1.000000999999750562e+00
1.000000999972207039e+00
1.000000998224410242e+00
1.000000999999999918e+00
1.000000868153388289e+00
1.000000340928613118e+00
1.000000996591613234e+00
1.000000999999539397e+00
1.000000999971912163e+00
1.000000997952067872e+00
1.000000999999923090e+00
1.000000999999864693e+00
1.000000999999999918e+00
1.000000999999999918e+00
9.999971001346853461e-01
1.000000991103623393e+00
1.000000999999999918e+00
1.000000999999999918e+00
1.000000999999999918e+00
1.000000999999999918e+00
1.000000999999999918e+00
1.000000999999999918e+00
1.000000999999999918e+00
1.000000999999999918e+00
1.000000919418596812e+00
1.000000994069380145e+00
9.999708449452493486e-01
1.000000999999999918e+00
1.000000999999999918e+00
1.000000999999999918e+00
1.000000999999999918e+00
1.000000999999999918e+00
1.000000999999999918e+00
1.000000999999999918e+00
1.000000999999999918e+00
1.000000999999999918e+00
1.000000999999999918e+00
1.000000999999999918e+00
1.000000999999999918e+00
1.000000398597957085e+00
9.999989676882227174e-01
1.000000999999999696e+00
1.000000999999997475e+00
1.000000764965831124e+00
1.000000999635338728e+00
1.000000966091590948e+00
1.000000999999999918e+00
1.000000999999999918e+00
1.000000999999999918e+00
1.000000790796364392e+00
1.000000999999999918e+00
1.000000999999999918e+00
1.000000999999999918e+00
1.000000999999973716e+00
1.000000998880905323e+00
1.000000999982211702e+00
1.000000999999999918e+00
1.000000999999999918e+00
1.000000999999996587e+00
1.000000999911360822e+00
1.000000999948817304e+00
9.999974270878907445e-01
1.000000999999999918e+00
1.000000999999999918e+00
1.000000850053053725e+00
1.000000345793027101e+00
1.000000932117428798e+00
1.000000999832861170e+00
1.000000992456327120e+00
1.000000999999999918e+00
1.000000999999999918e+00
1.000000999999999918e+00
1.000000999999999918e+00
1.000000999999999918e+00
1.000000999999999918e+00
1.000000999999999918e+00
1.000000999999999918e+00
1.000000999999999918e+00
1.000000999999999918e+00
1.000000999999999918e+00
1.000000999999999918e+00
1.000000999999999918e+00
1.000000999999999918e+00
1.000000999999999918e+00
1.000000999857670214e+00
1.000000999998373663e+00
1.000000999999999918e+00
1.000000999999999918e+00
1.000000998361827209e+00
1.000000993119572801e+00
1.000000999999999918e+00
1.000000999999999918e+00
1.000000999999999918e+00
1.000000999999999918e+00
1.000000999999999918e+00
1.000000999999999918e+00
1.000000999999999918e+00
1.000000999999999918e+00
1.000000999999999918e+00
1.000000999999999918e+00
1.000000999992828321e+00
1.000000999999994811e+00
1.000000994229844009e+00
1.000000833753345919e+00
1.000000969542337081e+00
1.000000999998740925e+00
1.000000999999999918e+00
1.000000999999278717e+00
1.000000999999999918e+00
1.000000999999999918e+00
1.000000999999999918e+00
1.000000999046376515e+00
1.000000991885208856e+00
1.000000999999999918e+00
1.000000999999999918e+00
1.000000999999999918e+00
1.000000999999999918e+00
1.000000999999999918e+00
1.000000999999999918e+00
1.000000999999999918e+00
1.000000999999999918e+00
1.000000999928791989e+00
1.000000999900270804e+00
1.000000999998148954e+00
1.000000996199166492e+00
1.000000999999999918e+00
1.000000999999999918e+00
1.000000999999999918e+00
1.000000999999999918e+00
1.000000999999999918e+00
1.000000999999999918e+00
1.000000999999999918e+00
1.000000999999999918e+00
1.000000999999999918e+00
1.000000999995680262e+00
1.000000999999999918e+00
1.000000999999999918e+00
1.000000999999999918e+00
1.000000999999999474e+00
1.000000999999785867e+00
1.000000999517586031e+00
1.000000999999989482e+00
1.000000999999994145e+00
1.000000999999999918e+00
1.000000999999999918e+00
1.000000999999999918e+00
1.000000999990710904e+00
1.000000999835330528e+00
1.000000999999999918e+00
1.000000999999999918e+00
1.000000999999999918e+00
1.000000999999999918e+00
1.000000999999999918e+00
1.000000999999999918e+00
1.000000999999999918e+00
1.000000999999999918e+00
1.000000999999999918e+00
1.000000999999999918e+00
1.000000999882752595e+00
1.000000999999983486e+00
1.000000999999999918e+00
1.000000999999999918e+00
1.000000999999999918e+00
1.000000999998905016e+00
1.000000999998051698e+00
1.000000999999999918e+00
1.000000999999999918e+00
1.000000999999999918e+00
1.000000999999999918e+00
1.000000999999999918e+00
1.000000999980300342e+00
1.000000999999999918e+00
1.000000999999982376e+00
1.000000999999999918e+00
1.000000999999999918e+00
1.000000999999999918e+00
1.000000999999898665e+00
1.000000999999599793e+00
1.000000999999999918e+00
1.000000999999999918e+00
1.000000999999999918e+00
1.000000999999999918e+00
1.000000999999999918e+00
1.000000999999999474e+00
1.000000999999995699e+00
1.000000999901899057e+00
1.000000999999999918e+00
1.000000999999993923e+00
1.000000999999999918e+00
1.000000999999999918e+00
1.000000999999999918e+00
1.000000999999999918e+00
1.000000999999999918e+00
1.000000999999999918e+00
1.000000999999999918e+00
1.000000999999999918e+00
1.000000999999999918e+00
1.000000999999999918e+00
1.000000999999999918e+00
1.000000999999999918e+00
1.000000999999999918e+00
1.000000999999999918e+00
1.000000999999999918e+00
1.000000999999961948e+00
1.000000999999999918e+00
1.000000999999999918e+00
1.000000999999833162e+00
1.000000999999999252e+00
1.000000999999999918e+00
1.000000999999999918e+00
1.000000999999999918e+00
1.000000999999999918e+00
1.000000999999999918e+00
1.000000999999999918e+00
1.000000999999999918e+00
1.000000999999999918e+00
1.000000999999999918e+00
1.000000999999999918e+00
1.000000999999999918e+00
1.000000999999999918e+00
1.000000999999999696e+00
1.000000999999998808e+00
1.000000999999999918e+00
1.000000999999999918e+00
1.000000999999999918e+00
1.000000999999999918e+00
1.000000999999999918e+00
1.000000999999999918e+00
1.000000999999999918e+00
1.000000999999999918e+00
1.000000999999999918e+00
1.000000999999999918e+00
1.000000999999999918e+00
1.000000999999999918e+00
1.000000999999999918e+00
1.000000999999999918e+00
1.000000999999999918e+00
1.000000999999999918e+00
1.000000999999999918e+00
1.000000999999999918e+00
1.000000999999999918e+00
1.000000999999999918e+00
1.000000999999999918e+00
1.000000999999999918e+00
1.000000999999999918e+00
1.000000999999999918e+00
1.000000999999999918e+00
1.000000999999999918e+00
1.000000999999999918e+00
1.000000999999999918e+00
1.000000999999999918e+00
1.000000999999999918e+00
1.000000999999999918e+00
1.000000999999999918e+00
9.914894439531671821e-01
9.895052952528731183e-01
9.951944757882863479e-01
9.960447943836142626e-01
9.981005970943480632e-01
9.949425655900067111e-01
9.984719467089212541e-01
9.968701111642457313e-01
9.978556948624965894e-01
9.976277757853687644e-01
9.995817802929094498e-01
9.989174379514530466e-01
9.930996145910401252e-01
1.000000999999999918e+00
1.000000999999999918e+00
1.000000999999999918e+00
1.000000999999999918e+00
1.000000999999999918e+00
1.000000999999999918e+00
1.000000999999999918e+00
1.000000999999999918e+00
1.000000999999999918e+00
1.000000999999999918e+00
1.000000999999999918e+00
1.000000999999999918e+00
1.000000999999999918e+00
1.000000999999999918e+00
1.000000999999999918e+00
1.000000999999999918e+00
9.992028478292592775e-01
9.999729326906380278e-01
9.999943157723997222e-01
9.998080955410255655e-01
9.999330858820389967e-01
9.999986286585377249e-01
9.993760816061626473e-01
9.992273402116045311e-01
9.997962422654169679e-01
9.998867078247566376e-01
9.997446178865670996e-01
9.999599479152361248e-01
9.994159469676803242e-01
9.999992210182553354e-01
1.000000999999999918e+00
9.999107752215911082e-01
9.998791175459674774e-01
9.998292567242308415e-01
9.999687228305842446e-01
9.999966759090974655e-01
9.999993244868389253e-01
9.999953634913426592e-01
9.999685669452584857e-01
1.000000999999999918e+00
1.000000999999999918e+00
1.000000999999999918e+00
1.000000999999999918e+00
1.000000999999999918e+00
1.000000999999999918e+00
1.000000999999999918e+00
1.000000999999999918e+00
1.000000999999999918e+00
1.000000999999999918e+00
1.000000999999999918e+00
1.000000207203809222e+00
9.999836760769370558e-01
9.999785548544977143e-01
9.999907925732225422e-01
9.999891406872651878e-01
1.000000583811915034e+00
1.000000939719381865e+00
9.999983476128307958e-01
1.000000999999999918e+00
1.000000999999999918e+00
1.000000999999999918e+00
1.000000999999999918e+00
1.000000999999999918e+00
1.000000999999999918e+00
1.000000999999999918e+00
1.000000999999999918e+00
1.000000999999999918e+00
1.000000962057171483e+00
1.000000971887867962e+00
1.000000799116425032e+00
9.999992400694043271e-01
9.999979899252955384e-01
1.000000434065772659e+00
1.000000910285281153e+00
1.000000869715625518e+00
1.000000706532664152e+00
1.000000999999999918e+00
1.000000999999999918e+00
1.000000999999999918e+00
1.000000999999999918e+00
1.000000999999999918e+00
1.000000999999999918e+00
1.000000999999999918e+00
1.000000999999999918e+00
1.000000999999999918e+00
1.000000999999999918e+00
1.000000999999999918e+00
1.000000999999999918e+00
1.000000999999999918e+00
1.000000999999999918e+00
1.000000999999999918e+00
1.000000998890296922e+00
1.000000999320715511e+00
1.000000937638645171e+00
1.000000647749967442e+00
1.000000452274265150e+00
1.000000824984571768e+00
1.000000995237397827e+00
1.000000707830691837e+00
1.000000971456883159e+00
1.000000999999999918e+00
1.000000999999999918e+00
1.000000999999999918e+00
1.000000999999999918e+00
9.999983499056801506e-01
1.000000999981262906e+00
1.000000999848705829e+00
1.000000827760329392e+00
1.000000992547341427e+00
1.000000999999999918e+00
1.000000999999999918e+00
1.000000999999999918e+00
1.000000999999999918e+00
1.000000999999999918e+00
1.000000999999999918e+00
1.000000999999999918e+00
1.000000989287050279e+00
1.000000994918968988e+00
1.000000997941058234e+00
1.000000999999999918e+00
1.000000999999999918e+00
1.000000999999999918e+00
1.000000999999999918e+00
1.000000999999999918e+00
1.000000999999999918e+00
1.000000999999999918e+00
1.000000999999999918e+00
1.000000999999999918e+00
1.000000999999999918e+00
1.000000999999999918e+00
1.000000999999999918e+00
1.000000999999999918e+00
1.000000999999999918e+00
1.000000999999743900e+00
1.000000994599026027e+00
1.000000963682782240e+00
1.000000999992376238e+00
1.000000986207310705e+00
1.000000997172382000e+00
1.000000999999999918e+00
1.000000999999999918e+00
1.000000999999999918e+00
1.000000999999999918e+00
1.000000999999999918e+00
1.000000999999892448e+00
1.000000999761631926e+00
1.000000999221909659e+00
1.000000999953323921e+00
1.000000997552193072e+00
1.000000999999999918e+00
1.000000999999999918e+00
1.000000999999999918e+00
1.000000999999999918e+00
1.000000999999999918e+00
1.000000999999999918e+00
1.000000999999999918e+00
1.000000999999999918e+00
1.000000999999999918e+00
1.000000999999999918e+00
1.000000999999999918e+00
1.000000999999999918e+00
1.000000999948553293e+00
1.000000999491599263e+00
1.000000999951327074e+00
1.000000997801457459e+00
1.000000999753511755e+00
1.000000999999999918e+00
1.000000999999999918e+00
1.000000999999440143e+00
1.000000998266227903e+00
1.000000999999999918e+00
1.000000999999999918e+00
1.000000999999999918e+00
1.000000999999999918e+00
1.000000999999999918e+00
1.000000999999999918e+00
1.000000999999999918e+00
1.000000999999999918e+00
1.000000999999806073e+00
1.000000999999998808e+00
1.000000999941895286e+00
1.000000999998484907e+00
1.000000999999999918e+00
1.000000999999999918e+00
1.000000999999999918e+00
1.000000999999999918e+00
1.000000999999999918e+00
1.000000999999999918e+00
1.000000999999999918e+00
1.000000999999999918e+00
1.000000999999999918e+00
1.000000999997203488e+00
1.000000999999999918e+00
1.000000999999999696e+00
1.000000999994465012e+00
1.000000999997681994e+00
1.000000999999999918e+00
1.000000999999999696e+00
1.000000999979604455e+00
1.000000999920955813e+00
1.000000999999212326e+00
1.000000999999999918e+00
1.000000999999999918e+00
1.000000999999999918e+00
1.000000999999999918e+00
1.000000999792111989e+00
1.000000999999999918e+00
1.000000999999999918e+00
1.000000999999999918e+00
1.000000999999999918e+00
1.000000999999999918e+00
1.000000999999999918e+00
1.000000999999999918e+00
1.000000999999999918e+00
1.000000999999999918e+00
1.000000999999999918e+00
1.000000999999999918e+00
1.000000999999994145e+00
1.000000999999999918e+00
1.000000999999999918e+00
1.000000999999999918e+00
1.000000999999999918e+00
1.000000999999931528e+00
1.000000999999973939e+00
1.000000999848349448e+00
1.000000999999999918e+00
1.000000999999999918e+00
1.000000999999999918e+00
1.000000999999999918e+00
1.000000999999999918e+00
1.000000999999999918e+00
1.000000999999999918e+00
1.000000999979173466e+00
1.000000999999999918e+00
1.000000999999999918e+00
1.000000999999999918e+00
1.000000999999999918e+00
1.000000999999999918e+00
1.000000999999999918e+00
1.000000999999999918e+00
1.000000999999999918e+00
1.000000999999999918e+00
1.000000999999962836e+00
1.000000999999999918e+00
1.000000999999999918e+00
1.000000999999679507e+00
1.000000999999999918e+00
1.000000999999999918e+00
1.000000999999999918e+00
1.000000999999999918e+00
1.000000999999999918e+00
1.000000999999999918e+00
1.000000999999999918e+00
1.000000999999999918e+00
1.000000999999999918e+00
1.000000999999999918e+00
1.000000999999999918e+00
1.000000999999999918e+00
1.000000999999999918e+00
1.000000999999999918e+00
1.000000999999238527e+00
1.000000999999999696e+00
1.000000999999999918e+00
1.000000999999999918e+00
1.000000999999608009e+00
1.000000999980358296e+00
1.000000999995187989e+00
1.000000999999954399e+00
1.000000999999999918e+00
1.000000999999999918e+00
1.000000999999999918e+00
1.000000999999999918e+00
1.000000999999999918e+00
1.000000999999999918e+00
1.000000999999999918e+00
1.000000999999999918e+00
1.000000999999999918e+00
1.000000999999453022e+00
1.000000999999999918e+00
1.000000999999999252e+00
1.000000999999999918e+00
1.000000999999999918e+00
1.000000999999999918e+00
1.000000999999999918e+00
1.000000999999999918e+00
1.000000999999455908e+00
1.000000999999999918e+00
1.000000999999999918e+00
1.000000999999999918e+00
1.000000999999999918e+00
1.000000999999999918e+00
1.000000999999996143e+00
1.000000999999999918e+00
1.000000999999999918e+00
1.000000999999999918e+00
1.000000999999999918e+00
1.000000999999999918e+00
1.000000999999999918e+00
1.000000999999996143e+00
1.000000999999999918e+00
1.000000999999999918e+00
1.000000999999999918e+00
1.000000999999999918e+00
1.000000999999557383e+00
1.000000999999999030e+00
1.000000999999999918e+00
1.000000999999999918e+00
1.000000999999999918e+00
1.000000999999999918e+00
1.000000999999993923e+00
1.000000999999993256e+00
1.000000999999999918e+00
1.000000999999999918e+00
1.000000999999999918e+00
1.000000999999999918e+00
1.000000999999976825e+00
1.000000999999999918e+00
1.000000999999999918e+00
1.000000999999999918e+00
1.000000999999999918e+00
1.000000999999999918e+00
1.000000999999999918e+00
1.000000999999999918e+00
1.000000999999999918e+00
1.000000999999999918e+00
1.000000999999999918e+00
1.000000999999999918e+00
1.000000999999999918e+00
1.000000999999999918e+00
1.000000999999999918e+00
1.000000999999999918e+00
1.000000999999999918e+00
1.000000999999999918e+00
1.000000999999999918e+00
1.000000999999999918e+00
1.000000999999999918e+00
1.000000999999999918e+00
1.000000999999998808e+00
1.000000999999957729e+00
1.000000999999999918e+00
1.000000999999999918e+00
1.000000999999999918e+00
1.000000999999999918e+00
1.000000999999999918e+00
1.000000999999999918e+00
1.000000999999999918e+00
1.000000999999999918e+00
1.000000999999995921e+00
1.000000999999999918e+00
1.000000999999999918e+00
1.000000999999999918e+00
1.000000999999999918e+00
1.000000999999999918e+00
1.000000999999999918e+00
1.000000999999999918e+00
1.000000999999999918e+00
1.000000999999999918e+00
1.000000999999999918e+00
1.000000999999998363e+00
1.000000999999999918e+00
1.000000999999999918e+00
1.000000999999999918e+00
1.000000999999999918e+00
1.000000999999999918e+00
1.000000999999999918e+00
1.000000999999999918e+00
1.000000999999999918e+00
1.000000999999999918e+00
1.000000999999999918e+00
1.000000999999999918e+00
1.000000999999999918e+00
1.000000999999999918e+00
1.000000999999999252e+00
1.000000999999999918e+00
1.000000999999999918e+00
1.000000999999999918e+00
1.000000999999999918e+00
1.000000999999999918e+00
1.000000999999999918e+00
1.000000999999999918e+00
1.000000999999999918e+00
1.000000999999999918e+00
1.000000999999999696e+00
1.000000999999999918e+00
1.000000999999999918e+00
1.000000999999999918e+00
1.000000999999999918e+00
1.000000999999999918e+00
1.000000999999999918e+00
1.000000999999999918e+00
1.000000999999999918e+00
1.000000999999999918e+00
1.000000999999999918e+00
1.000000999999999918e+00
1.000000999999999918e+00
1.000000999999999918e+00
1.000000999999999918e+00
1.000000999999999918e+00
1.000000999999999918e+00
1.000000999999999918e+00
1.000000999999999918e+00
1.000000999999999918e+00
1.000000999999999918e+00
1.000000999999999918e+00
1.000000999999999918e+00
1.000000999999999918e+00
1.000000999999999918e+00
1.000000999999999918e+00
1.000000999999999918e+00
1.000000999999999918e+00
1.000000999999999918e+00
1.000000999999999918e+00
1.000000999999999918e+00
1.000000999999999918e+00
1.000000999999999918e+00
1.000000999999999918e+00
1.000000999999999918e+00
1.000000999999999918e+00
1.000000999999999918e+00
1.000000999999999918e+00
1.000000999999999918e+00
1.000000999999999918e+00
1.000000999999999918e+00
1.000000999999999918e+00
1.000000999999999918e+00
1.000000999999999918e+00
1.000000999999999918e+00
1.000000999999999918e+00
1.000000999999999918e+00
1.000000999999999918e+00
1.000000999999999918e+00
1.000000999999999918e+00
1.000000999999999918e+00
1.000000999999999918e+00
1.000000999999999918e+00
1.000000999999999918e+00
1.000000999999999918e+00
1.000000999999999918e+00
1.000000999999999918e+00
1.000000999999999918e+00
1.000000999999999918e+00
1.000000999999999918e+00
1.000000999999999918e+00
1.000000999999999918e+00
1.000000999999999918e+00
1.000000999999999918e+00
1.000000999999999918e+00
1.000000999999999918e+00
1.000000999999999918e+00
1.000000999999999918e+00
1.000000999999999918e+00
1.000000999999999918e+00
1.000000999999999918e+00
1.000000999999999918e+00
1.000000999999999918e+00
1.000000999999999918e+00
1.000000999999999918e+00
1.000000999999999918e+00
1.000000999999999918e+00
1.000000999999999918e+00
1.000000999999999918e+00
1.000000999999999918e+00
1.000000999999999918e+00
1.000000999999999918e+00
1.000000999999999918e+00
1.000000999999999918e+00
1.000000999999999918e+00
1.000000999999999918e+00
1.000000999999999918e+00
1.000000999999999918e+00
1.000000999999999918e+00
1.000000999999999918e+00
1.000000999999999918e+00
1.000000999999999918e+00
1.000000999999999918e+00
1.000000999999999918e+00
1.000000999999999918e+00
1.000000999999999918e+00
1.000000999999999918e+00
1.000000999999999918e+00
1.000000999999999918e+00
1.000000999999999918e+00
1.000000999999999918e+00
1.000000946315805495e+00
1.000000932926469854e+00
1.000000947147308805e+00
1.000000878187006892e+00
1.000000941772828833e+00
1.000000968631997278e+00
1.000000794271855842e+00
1.000000902201242381e+00
1.000000987049524115e+00
1.000000974009821908e+00
1.000000598896318538e+00
1.000000846557488332e+00
1.000000922644422197e+00
9.893817902649255647e-01
9.923667031900307300e-01
1.000000999999999918e+00
1.000000999999999918e+00
1.000000999999999918e+00
1.000000999999999918e+00
1.000000999999999918e+00
1.000000999999999918e+00
1.000000999999999918e+00
1.000000999999999918e+00
1.000000999999999918e+00
1.000000999999999918e+00
1.000000999999999918e+00
1.000000999999999918e+00
1.000000999999999918e+00
1.000000999999999918e+00
1.000000991240625581e+00
1.000000958283773889e+00
9.999994315928786293e-01
1.000000968536067125e+00
1.000000214394302089e+00
1.000000067006617588e+00
1.000000996354042382e+00
1.000000975041167361e+00
1.000000992928291588e+00
1.000000873594117712e+00
1.000000729089252971e+00
1.000000992035236624e+00
1.000000917771145970e+00
1.000000944863781438e+00
9.891447539517319587e-01
1.000000009973784465e+00
1.000000999311624783e+00
1.000000998105135208e+00
1.000000545061707546e+00
1.000000990376145316e+00
1.000000632985889704e+00
1.000000998511680894e+00
1.000000998761516158e+00
1.000000999999999918e+00
1.000000999999999918e+00
1.000000999999999918e+00
1.000000999999999918e+00
1.000000999999999918e+00
1.000000999999999918e+00
1.000000999999999918e+00
1.000000999999999918e+00
1.000000999999999918e+00
1.000000999999999918e+00
1.000000999999999918e+00
9.999950770456359495e-01
1.000000999902116661e+00
1.000000999745208174e+00
9.999987493930747595e-01
1.000000821558464370e+00
1.000000998668204799e+00
1.000000926138174373e+00
1.000000999795764622e+00
1.000000999999999918e+00
1.000000999999999918e+00
1.000000999999999918e+00
1.000000999999999918e+00
1.000000999999999918e+00
1.000000999999999918e+00
1.000000999999999918e+00
1.000000999999999918e+00
1.000000999999999918e+00
9.999849632116372122e-01
9.999892770124583219e-01
1.000000999998751139e+00
1.000000999983684746e+00
1.000000999913324584e+00
9.999968639116000313e-01
9.999997337806967312e-01
1.000000989111821781e+00
1.000000992832255076e+00
1.000000999999999918e+00
1.000000999999999918e+00
1.000000999999999918e+00
1.000000999999999918e+00
1.000000999999999918e+00
1.000000999999999918e+00
1.000000999999999918e+00
1.000000999999999918e+00
1.000000999999999918e+00
1.000000999999999918e+00
1.000000999999999918e+00
1.000000999999999918e+00
1.000000999999999918e+00
1.000000999999999918e+00
1.000000999999999918e+00
9.999592439192719340e-01
9.999695930578675895e-01
1.000000999995408035e+00
1.000000999991417228e+00
1.000000999736931462e+00
9.999981273425042616e-01
1.000000980942509443e+00
1.000000727262972511e+00
1.000000999906096588e+00
1.000000999999999918e+00
1.000000999999999918e+00
1.000000999999999918e+00
1.000000999999999918e+00
1.000000999986367267e+00
9.998972046724621254e-01
9.999802630429144301e-01
1.000000999960726444e+00
9.999931235894158332e-01
9.887740896184437078e-01
9.983198981299850061e-01
9.922579353191537388e-01
9.883816784888417306e-01
9.995314497025662437e-01
9.920212789515463481e-01
9.957964505170090463e-01
1.000000425954254757e+00
1.000000999995039441e+00
1.000000999999293594e+00
9.917228179942289001e-01
9.956937250666548778e-01
9.982880485896153955e-01
1.000000999999999918e+00
1.000000999999999918e+00
1.000000999999999918e+00
1.000000999999999918e+00
1.000000999999999918e+00
1.000000999999999918e+00
1.000000999999999918e+00
1.000000999999999918e+00
1.000000999999999918e+00
9.999133679958526200e-01
9.914771715833087251e-01
9.997419381655769932e-01
1.000000999999961060e+00
1.000000999999475670e+00
9.999215057433736842e-01
1.000000999273122471e+00
1.000000996568927603e+00
1.000000999999999918e+00
1.000000999999999918e+00
1.000000999999999918e+00
1.000000999999999918e+00
1.000000999999999918e+00
9.997676591449071726e-01
1.000000999877578289e+00
1.000000999980255267e+00
9.999923864526637507e-01
9.999977937946764595e-01
9.881418053645213417e-01
9.995124403348606412e-01
9.953803128660536625e-01
9.995096023436232935e-01
9.955385032746882912e-01
9.982347821798658316e-01
1.000000999999999918e+00
1.000000999999999918e+00
1.000000999999999918e+00
1.000000999999999918e+00
1.000000999999999918e+00
1.000000999999999918e+00
1.000000999999999474e+00
1.000000999999990592e+00
1.000000999999963058e+00
1.000000999999856699e+00
1.000000977434245986e+00
1.000000999999999918e+00
1.000000999999999918e+00
9.999766008226679270e-01
1.000000838034318384e+00
9.882774086055754470e-01
9.999909685970285178e-01
9.914475569621049589e-01
9.999122034930262304e-01
9.994930799444959879e-01
1.000000999999999918e+00
1.000000999999999918e+00
1.000000999999999918e+00
1.000000999999999918e+00
9.994220291852896620e-01
1.000000999056776863e+00
9.999502153606666388e-01
9.889893529563265062e-01
9.981698797406907131e-01
9.999079629303313510e-01
1.000000355297567811e+00
1.000000999999999918e+00
1.000000999999999918e+00
1.000000999999999918e+00
1.000000999999999918e+00
1.000000999999999918e+00
1.000000999999999918e+00
9.988019244689498866e-01
9.995091147733193848e-01
1.000000999988837957e+00
9.999969254648971573e-01
9.918155584116594703e-01
1.000000999999999918e+00
1.000000999999997919e+00
1.000000999999324680e+00
1.000000999999985707e+00
1.000000999999999918e+00
1.000000999999999918e+00
1.000000999999999918e+00
1.000000999999999918e+00
1.000000969306304999e+00
9.977408686940640870e-01
1.000000999999999918e+00
1.000000999999999918e+00
1.000000999999999918e+00
1.000000978144121255e+00
9.903412746896665952e-01
9.999900373896715156e-01
9.999078636154918875e-01
9.953065602777756427e-01
9.994776238645072253e-01
1.000000999999999918e+00
1.000000999999999918e+00
1.000000999999999918e+00
1.000000999999999918e+00
1.000000999999999918e+00
1.000000999999999918e+00
1.000000999999999918e+00
9.998389617648549832e-01
9.999998031516468266e-01
1.000000999999999918e+00
9.996881334001808117e-01
1.000000999999987483e+00
9.999049490702298648e-01
9.961799301178982935e-01
1.000000999627177256e+00
9.921890115178451097e-01
1.000000991237193659e+00
9.926944523682618149e-01
9.999960197221641200e-01
9.940278084244019707e-01
9.970459656163852546e-01
9.942434982758647788e-01
1.000000977526487311e+00
1.000000999996524031e+00
1.000000999996890627e+00
1.000000999999999918e+00
9.999860547615854189e-01
9.954246061754676855e-01
1.000000274967200786e+00
1.000000999999999474e+00
1.000000999999999918e+00
1.000000999999999918e+00
1.000000999999999918e+00
9.990457624790406443e-01
1.000000999999999918e+00
1.000000999999999918e+00
1.000000999999999918e+00
1.000000339435864305e+00
9.965220127980478626e-01
9.981224685741255653e-01
1.000000999999999918e+00
1.000000999999999918e+00
1.000000999999999918e+00
1.000000999999999918e+00
1.000000999942358026e+00
9.999678545772718863e-01
1.000000999999999918e+00
1.000000999999999918e+00
1.000000999999999918e+00
1.000000808955047837e+00
1.000000999998846396e+00
1.000000999999963502e+00
9.999902292883307009e-01
9.994739581964022790e-01
1.000000999999985707e+00
9.982328423523753047e-01
9.982628407894769129e-01
1.000000975059958996e+00
1.000000309718637848e+00
1.000000999999999918e+00
1.000000999999999918e+00
1.000000136679297436e+00
9.958269864099358326e-01
1.000000999999999918e+00
1.000000999999999918e+00
1.000000999999999918e+00
1.000000999996029982e+00
1.000000976209806103e+00
1.000000999601749152e+00
1.000000973092456613e+00
9.999984687929741600e-01
9.989841885755187390e-01
9.974121463578796698e-01
9.955837832317466773e-01
9.981388835236183477e-01
9.999187143776369080e-01
1.000000999999999918e+00
9.999899130985726581e-01
9.999035115655593442e-01
9.999050034862959624e-01
1.000000959627918462e+00
9.995160682506717409e-01
1.000000999999999918e+00
1.000000999999999918e+00
1.000000999999999918e+00
1.000000999999999918e+00
1.000000999999999918e+00
1.000000998818131537e+00
1.000000999999999252e+00
1.000000999999999918e+00
1.000000999999999918e+00
1.000000999999999918e+00
1.000000999999999918e+00
9.999969034502343979e-01
1.000000999888409403e+00
1.000000999999999918e+00
1.000000999999982820e+00
9.988727436233396650e-01
1.000000999538987134e+00
1.000000999999186124e+00
9.998453531294810848e-01
1.000000301974294903e+00
9.996239791842777000e-01
1.000000999999999918e+00
1.000000999999999918e+00
1.000000999999999918e+00
9.999887241792418946e-01
1.000000999999999918e+00
1.000000999999999918e+00
1.000000999999999918e+00
1.000000999999999918e+00
1.000000999999999918e+00
1.000000999999979490e+00
1.000000999562983051e+00
1.000000999995664053e+00
9.999898137127372078e-01
9.994978013057246313e-01
9.999899894112113108e-01
9.992422814501221717e-01
9.994505563893459898e-01
9.982777589392065609e-01
1.000000337288640573e+00
1.000000844414459023e+00
1.000000999999999696e+00
1.000000234513404695e+00
9.985103608777551321e-01
1.000000999999999918e+00
1.000000999999999918e+00
1.000000999999999918e+00
9.999256075707549929e-01
1.000000753229710604e+00
1.000000996737051562e+00
1.000000999999999918e+00
1.000000999999989704e+00
1.000000974324815051e+00
1.000000287414960942e+00
9.997623820460728172e-01
9.999165122983595388e-01
1.000000999999999918e+00
1.000000999999999918e+00
1.000000999999999918e+00
9.997656409568891345e-01
1.000000999994173911e+00
1.000000999999858031e+00
1.000000999999999918e+00
1.000000999999999918e+00
1.000000999999999918e+00
1.000000403695960882e+00
1.000000999999999918e+00
1.000000999999999918e+00
1.000000999999999918e+00
1.000000999995426909e+00
1.000000999515302524e+00
9.999912442209900609e-01
9.998596033608418976e-01
9.995558466789006280e-01
1.000000961144965173e+00
9.999960134266860923e-01
1.000000767407828395e+00
1.000000973655954306e+00
9.996551657722458906e-01
1.000000999999999918e+00
1.000000999999999918e+00
1.000000999999999918e+00
1.000000999999999918e+00
1.000000999999999918e+00
1.000000975023342509e+00
9.999674399785342116e-01
1.000000999999999918e+00
1.000000999999999918e+00
1.000000999999997919e+00
9.999309178861329750e-01
1.000000999489446762e+00
1.000000999999999918e+00
1.000000999999999918e+00
1.000000999880467756e+00
1.000000973740566401e+00
9.999501512619483057e-01
1.000000999999978823e+00
9.999266818671082024e-01
1.000000999999999918e+00
1.000000999997287865e+00
1.000000140692323125e+00
9.999926758897186296e-01
1.000000999994462347e+00
9.999695374327851605e-01
1.000000999999999918e+00
1.000000999999999918e+00
1.000000999999999918e+00
1.000000978142906893e+00
9.999947940941571467e-01
1.000000985621782634e+00
1.000000999999999918e+00
1.000000999999999918e+00
1.000000999999999918e+00
1.000000999999973272e+00
1.000000999548058100e+00
1.000000980531058792e+00
9.999851638368403295e-01
1.000000999999966833e+00
9.999969436116398214e-01
1.000000999999967943e+00
1.000000952867265314e+00
1.000000594503333007e+00
9.999922502210993880e-01
1.000000999999962836e+00
9.999840271052631291e-01
1.000000999999999918e+00
1.000000999999999918e+00
1.000000999955023007e+00
1.000000998524326334e+00
1.000000999999999696e+00
1.000000999999999918e+00
1.000000999999999474e+00
1.000000128490858620e+00
1.000000999504798926e+00
1.000000589369802517e+00
1.000000966847479189e+00
1.000000999999999918e+00
1.000000470158763255e+00
9.999980302574132951e-01
9.999992956114848175e-01
1.000000999994637763e+00
1.000000999996920381e+00
1.000000999999999918e+00
1.000000999999999474e+00
1.000000999999999918e+00
1.000000999998928775e+00
1.000000999999982376e+00
1.000000976563965249e+00
1.000000999049662553e+00
1.000000999999997253e+00
1.000000959474332873e+00
1.000000968713853577e+00
1.000000662776290516e+00
1.000000999996665030e+00
1.000000999999996143e+00
1.000000999943799096e+00
1.000000999999999030e+00
1.000000999999694162e+00
1.000000998863332491e+00
1.000000928689515289e+00
1.000000856714608144e+00
1.000000999999997475e+00
1.000000999980056537e+00
1.000000990659071443e+00
1.000000999999199003e+00
1.000000998026166599e+00
1.000000999999778983e+00
1.000000999862993734e+00
1.000000995436292728e+00
1.000000999999651974e+00
1.000000999975050986e+00
1.000000999951122571e+00
1.000000830878314595e+00
1.000000607581722045e+00
1.000000790763196479e+00
9.999993474206119171e-01
9.999998301631433106e-01
1.000000677167079299e+00
9.999907868342795547e-01
1.000000583298928492e+00
1.000000406924283158e+00
1.000000534076171510e+00
9.999158862440385986e-01
9.999992634252093948e-01
9.999956987372826678e-01
9.879371480603602595e-01
9.877301209544653293e-01
9.840119465120814590e-01
9.722838571327214741e-01
9.739194019938922642e-01
9.883445169367466310e-01
9.447965050548525756e-01
9.725808251813391481e-01
9.890203891383698709e-01
9.847288140785560584e-01
8.750628123613469755e-01
9.452812927606006888e-01
9.834891179816995788e-01
8.740450246394709799e-01
8.810438267555680270e-01
9.999994635522372333e-01
1.000000170191967186e+00
9.991956101763374010e-01
9.999704717983701752e-01
9.999892501745678564e-01
9.942907106760531244e-01
9.999998193805638147e-01
9.999984620897348631e-01
9.999971804140272980e-01
9.998935060059552793e-01
9.990080054839192147e-01
9.999886010228488109e-01
9.999804915768110147e-01
9.960101925475706164e-01
9.857879016436812414e-01
8.892441070648393620e-01
3.108622491840241087e-01
9.507664671195056316e-01
7.017622733850413796e-01
2.776699043309749926e-01
9.899902077293531999e-01
9.751002591110147222e-01
9.770144385919231622e-01
8.854999473424803869e-01
8.766129568688015850e-01
9.545399156713464395e-01
9.487699060052245947e-01
7.209421461315431712e-01
9.016725579264975865e-01
6.971920957510387984e-01
9.912366842275561751e-01
9.873069535225647009e-01
7.062172989201286333e-01
8.943567050349242598e-01
4.316772849969900405e-01
9.578578725821353945e-01
9.796788611252160717e-01
9.999985434003733076e-01
9.999980692500985979e-01
9.993038883901209646e-01
9.948373092010017738e-01
9.931576973540772180e-01
9.999925100261093380e-01
9.997727362498559645e-01
9.999229155946466330e-01
9.994124112233147006e-01
9.859311572426764370e-01
9.913756101875352833e-01
9.999999999999999547e-07
9.925521069268511409e-01
9.892024858476982097e-01
2.885918009189716860e-01
7.343269728602209723e-01
9.070362066257249278e-01
3.106557791760517495e-01
9.781344156070218565e-01
9.999959848134962748e-01
9.999952031005530095e-01
9.672550855073800413e-01
9.999808517030368549e-01
9.998499645804361791e-01
9.987388171491168309e-01
9.981908908043533035e-01
9.625224205709433933e-01
9.600652101548605710e-01
9.999999999999999547e-07
9.999999999999999547e-07
9.950141910691897573e-01
9.923821306558745503e-01
9.860889618801848000e-01
9.999999999999999547e-07
9.999999999999999547e-07
7.031517921476840849e-01
7.957343260657697703e-01
9.999906071772634020e-01
9.999893275714561991e-01
6.086679692386199880e-01
9.692155428916828797e-01
9.896317641330464321e-01
9.995863725681811696e-01
6.277148074732908922e-01
7.636867717844453285e-01
9.999493543077526692e-01
9.998766189140583238e-01
9.999792400114663193e-01
9.999565013004395597e-01
9.836556817903764349e-01
9.492622626272867459e-01
9.365443572322013077e-01
9.999999999999999547e-07
9.999999999999999547e-07
9.860620210197627022e-01
9.898305324943957872e-01
9.578628636969850341e-01
9.999999999999999547e-07
2.318266328556169709e-01
2.495417980971207095e-01
9.319683137840325537e-01
9.999999999999999547e-07
9.999999999999999547e-07
9.990070137785764803e-01
6.773953709591127303e-01
9.940446004319150042e-01
9.999999999999999547e-07
9.999999999999999547e-07
9.736958204261744187e-01
9.999999999999999547e-07
9.387647880419967006e-01
9.350704162743465053e-01
8.979984590231535613e-01
9.703294581002952501e-01
9.652136351546081183e-01
9.301768878042253608e-01
9.104680588388871509e-01
9.999999999999999547e-07
9.672363762284785782e-01
9.814945601246424234e-01
9.629741804353433299e-01
9.327403856956827388e-01
9.460452372010669242e-01
5.902044027113725888e-02
9.999760482845605480e-01
9.997330163293673966e-01
9.999048496696050226e-01
9.999999999999999547e-07
8.721473875764891304e-01
7.944957044300391402e-01
9.999483647085546378e-01
9.999999999999999547e-07
9.839239537013703130e-01
9.847937977809922971e-01
4.437339342089880456e-01
9.964634573997381839e-01
9.938686936799610017e-01
9.999999999999999547e-07
8.082032009617109436e-01
5.012808679078201157e-01
9.999999999999999547e-07
9.961810663075525429e-01
9.999999999999999547e-07
9.913039590619963093e-01
9.999999999999999547e-07
5.284229598775136427e-01
7.148037816282314383e-01
8.970343202419824857e-01
9.999999999999999547e-07
9.999999999999999547e-07
9.883029825932684309e-01
9.663943960416484513e-01
9.827921485069150975e-01
9.758498429068247493e-01
9.609172959038401185e-01
9.655645138794871629e-01
9.999999999999999547e-07
9.999554429576973380e-01
5.165515294027259730e-01
9.980060491265233535e-01
9.998068183466745085e-01
9.994591863589532554e-01
9.977071797533093589e-01
9.958967659614390566e-01
9.833791067518645734e-01
9.911896150695513885e-01
9.999999999999999547e-07
8.031130582809007379e-01
9.749327877597969705e-01
9.999999999999999547e-07
9.999999999999999547e-07
9.954058804612039291e-01
9.953528591037712481e-01
9.944583519166121377e-01
9.865209690793703690e-01
9.873179853425119168e-01
9.999999999999999547e-07
9.714963890536333357e-01
9.999049643533070020e-01
9.986178287829557965e-01
9.356713525201239001e-01
2.285443900873421474e-01
9.999999999999999547e-07
9.979595221407662198e-01
9.835322007089118967e-01
9.927433185020193562e-01
9.989801502776796127e-01
9.998926945354752460e-01
9.635543478509921433e-01
9.998552382498112623e-01
9.660454728006580005e-01
9.999999999999999547e-07
9.973932594872545465e-01
9.962858014961366582e-01
9.545348629391264828e-01
6.878913574587910418e-01
9.999999999999999547e-07
9.977498238086386362e-01
9.992231667954448726e-01
9.939220409462026229e-01
9.497373244205746801e-01
9.599033623616088917e-01
9.997989982961335009e-01
9.990129253271557985e-01
9.845692331072176673e-01
9.963414340623484300e-01
9.999999999999999547e-07
9.995941921069281255e-01
9.999145297164925283e-01
9.999999999999999547e-07
9.999999999999999547e-07
9.998597916782998585e-01
9.991750086909989559e-01
9.967750962555246286e-01
9.881462688654879534e-01
9.938782861068878871e-01
9.950911932169776986e-01
9.995539345344716109e-01
9.984590533403417956e-01
9.997795170741867743e-01
9.995918992467123232e-01
1.798870655815629493e-01
9.263685414148875585e-01
9.961484827944674381e-01
6.072414195406597992e-01
9.999999999999999547e-07
6.033492864760263696e-01
9.657111052859100875e-01
1.000000937636941867e+00
9.969216188386793576e-01
9.998883041983362974e-01
9.999893813201153892e-01
9.997433760315344031e-01
9.999999999999999547e-07
9.990857752034664196e-01
9.980037272822487315e-01
9.997125186781032902e-01
9.999199947921409981e-01
9.999158658761303498e-01
9.998877838031631216e-01
1.000000639613789266e+00
1.000000428080925374e+00
9.999999999999999547e-07
9.999999999999999547e-07
9.977822597780493519e-01
9.998571075816571341e-01
9.884407019734231525e-01
9.996284692765531332e-01
9.976463301082625357e-01
9.986064319485540297e-01
9.977382895056602363e-01
9.999999999999999547e-07
9.997489784857698236e-01
8.068457909732528188e-01
9.992625044814557045e-01
9.997122618463949451e-01
9.939930407094228482e-01
7.966316002734211699e-01
9.985049760667742413e-01
9.342426294138829190e-01
9.079311667410865372e-01
1.851427104387864675e-01
7.409208114304469683e-01
9.987422590129667599e-01
9.991463762150063488e-01
9.931738295365364344e-01
9.999999999999999547e-07
8.597566788624971812e-01
8.673132292137301080e-01
9.984841910916985031e-01
9.984540723482446811e-01
1.000000887380303682e+00
9.997327487178366834e-01
9.992801548506101694e-01
9.999709392424096510e-01
9.996174088869881347e-01
9.993032279562819031e-01
9.999999999999999547e-07
9.999999999999999547e-07
9.991224517179652098e-01
9.924381825677891511e-01
2.905155099835105559e-01
9.999999999999999547e-07
1.000000840263935542e+00
9.999307109388303472e-01
9.999929314813815751e-01
9.999999999999999547e-07
5.810928077949522041e-01
9.998369436830982782e-01
9.999255582857349278e-01
9.999185781594096545e-01
9.980261543392223711e-01
6.675889535446302148e-01
9.993697629184414843e-01
9.994322374279736021e-01
9.990160010834835402e-01
9.997070346441068178e-01
9.999851423690880869e-01
9.998237494770193523e-01
9.721325431824550112e-01
9.954051635707398260e-01
9.971277332874375343e-01
9.982893402578412179e-01
9.901839420357185784e-01
9.999999999999999547e-07
9.162583627466251990e-01
5.417059451349736099e-01
9.747130544367876848e-01
9.999999999999999547e-07
9.999999999999999547e-07
9.999999999999999547e-07
9.999999999999999547e-07
7.373209207047525249e-01
1.000000506098155828e+00
9.999360539494049904e-01
9.999996490611938738e-01
5.331373131243558605e-01
9.750978825641059000e-01
9.999537964379758836e-01
9.998396198353877162e-01
9.910527524779553232e-01
3.665518925177477239e-01
9.784841614211295946e-01
7.965284358590388747e-01
9.999999999999999547e-07
9.999999999999999547e-07
9.855700229642295751e-01
9.908609985697144351e-01
9.939541767135255945e-01
9.999962591558306801e-01
9.999970537835397577e-01
1.000000941815650579e+00
9.999162795241420820e-01
9.994981605404186231e-01
9.997954155154955558e-01
9.999715635564412342e-01
9.985277963450336358e-01
9.999492185463626504e-01
9.999999999999999547e-07
9.999999999999999547e-07
8.919885169312021800e-01
9.999670100138507989e-01
9.997541255134375637e-01
9.972140532585466177e-01
9.999999999999999547e-07
9.999999999999999547e-07
9.802217687699280591e-01
7.092879012340577716e-02
9.999999999999999547e-07
9.612705165375361460e-01
6.324430559641694982e-01
9.999913742712757125e-01
9.999900391696621149e-01
9.999847496322001872e-01
9.999071924659307387e-01
9.999999999999999547e-07
8.546991436086438521e-01
9.800502437392559774e-01
9.992063176925742862e-01
9.999999999999999547e-07
9.999999999999999547e-07
9.625207468037966230e-01
9.206675871921037313e-01
9.338431327948308880e-01
9.999978414259047543e-01
9.999999999999999547e-07
9.999999999999999547e-07
9.999999999999999547e-07
1.000000859106747075e+00
1.000000607424902155e+00
9.999714259984209264e-01
9.999697312943233163e-01
9.999220773323493905e-01
9.999999999999999547e-07
9.548767255002196253e-01
9.999999999999999547e-07
9.999980620568117429e-01
9.999531707959640192e-01
8.977018732550393620e-01
6.881961833310724641e-01
9.999999999999999547e-07
9.275069237552546753e-01
7.495950022372487309e-01
9.999999999999999547e-07
9.889786768354592583e-01
9.171520545656803858e-01
7.113340865498944954e-01
9.999999999999999547e-07
9.999729546518927314e-01
1.000000867857164133e+00
9.999999999999999547e-07
5.165325230014129465e-01
9.999999999999999547e-07
9.999998863404013782e-01
9.999923352200861260e-01
9.999166190402737353e-01
9.996896785883777614e-01
9.999999999999999547e-07
9.999999999999999547e-07
7.990381548060333516e-01
9.999916619785895744e-01
9.999970848955576086e-01
9.999903085331720565e-01
1.532380980975379392e-01
9.999999999999999547e-07
9.999999999999999547e-07
1.000000523322699397e+00
9.999976964374761579e-01
9.999999999999999547e-07
7.139313108566763821e-01
9.999999999999999547e-07
9.999999999999999547e-07
8.485882711427698011e-01
1.000000451160078185e+00
1.000000599345040486e+00
9.999824781719427458e-01
9.989212812934059604e-01
9.999963937443789863e-01
9.999999999999999547e-07
9.999999999999999547e-07
8.725199345506700066e-01
9.973309495300579641e-01
9.845099493547002645e-01
9.999206390369299591e-01
9.999999999999999547e-07
9.999999999999999547e-07
9.999999999999999547e-07
9.999999999999999547e-07
9.999999999999999547e-07
9.999999999999999547e-07
8.133287412984643305e-01
9.925650235079476191e-01
9.999542560109896394e-01
9.999999573689817289e-01
8.546081654768289404e-01
9.999999999999999547e-07
9.999997297080164271e-01
9.999902170865005990e-01
9.998286355241319256e-01
9.999254889792440482e-01
9.991866147320730418e-01
9.999999999999999547e-07
9.999999999999999547e-07
9.999999999999999547e-07
9.999999999999999547e-07
9.999999999999999547e-07
2.296576039061718200e-01
9.999999999999999547e-07
1.705372264433589746e-01
9.578851408585435934e-01
9.999963092165474743e-01
9.999984877914613879e-01
9.895503913668535212e-01
9.999999999999999547e-07
9.998409410489422777e-01
9.999999999999999547e-07
9.999999999999999547e-07
6.477779834349389754e-01
9.949461156929432226e-01
9.998786171574655102e-01
9.999999999999999547e-07
9.999999999999999547e-07
9.999691589247792223e-01
8.285733404607155128e-01
9.600075440203527100e-01
9.999999999999999547e-07
9.954142476989850108e-01
9.980568717733370177e-01
3.159022566546542676e-01
5.174465837681084812e-01
9.193231912676610440e-01
9.999999999999999547e-07
9.999999999999999547e-07
9.999999999999999547e-07
9.999999999999999547e-07
9.999999999999999547e-07
9.999999999999999547e-07
9.999999999999999547e-07
9.999999999999999547e-07
9.999999999999999547e-07
9.999999999999999547e-07
9.999999999999999547e-07
9.999999999999999547e-07
9.999999999999999547e-07
8.768284010178594157e-01
8.696155689190864235e-01
9.044148685544496358e-01
9.259434344360095714e-01
9.378065917627436132e-01
8.929328192400666220e-01
9.579019454198874906e-01
9.303242384527764530e-01
9.136432723597448513e-01
9.200326475222881939e-01
9.801973646972911292e-01
9.611312838532256597e-01
8.950394535808996466e-01
9.865171796668793514e-01
9.827710891919223535e-01
9.999999999999999547e-07
9.999999999999999547e-07
9.999999999999999547e-07
9.999999999999999547e-07
9.999999999999999547e-07
9.999999999999999547e-07
9.999999999999999547e-07
9.999999999999999547e-07
9.999999999999999547e-07
9.999999999999999547e-07
9.999999999999999547e-07
9.999999999999999547e-07
9.999999999999999547e-07
9.999999999999999547e-07
9.370220222038275759e-01
9.823659022391311169e-01
9.957645702479482885e-01
9.701641620979108982e-01
9.915058994340970600e-01
9.953027210290881222e-01
9.332357227514020970e-01
9.488757490887439472e-01
9.581761295914833498e-01
9.822612583559081623e-01
9.815453452130004086e-01
9.718519079285973250e-01
9.649184627142486370e-01
9.875400607679487575e-01
9.803856756318456434e-01
9.915456434871403602e-01
9.454839438935678242e-01
9.495318083168126089e-01
9.913225278265583862e-01
9.788099776583765177e-01
9.934541900308320184e-01
9.674480069108969404e-01
9.607718640298965607e-01
9.999999999999999547e-07
9.999999999999999547e-07
9.999999999999999547e-07
9.999999999999999547e-07
9.999999999999999547e-07
9.999999999999999547e-07
9.999999999999999547e-07
9.999999999999999547e-07
9.999999999999999547e-07
9.999999999999999547e-07
9.999999999999999547e-07
9.981610046402950021e-01
9.454977758103274565e-01
9.513501627083997825e-01
9.961515283407516019e-01
9.898773958458282340e-01
9.684090278018701037e-01
9.906432100297771770e-01
9.542302333576185847e-01
9.999999999999999547e-07
9.999999999999999547e-07
9.999999999999999547e-07
9.999999999999999547e-07
9.999999999999999547e-07
9.999999999999999547e-07
9.999999999999999547e-07
9.999999999999999547e-07
9.999999999999999547e-07
9.992515612401137171e-01
9.991376326871426183e-01
9.025401870640281654e-01
9.339160316426829977e-01
9.476336047077487112e-01
9.978787373765564128e-01
9.969127375903850119e-01
9.819967559819648972e-01
9.792240660553754861e-01
9.999999999999999547e-07
9.999999999999999547e-07
9.999999999999999547e-07
9.999999999999999547e-07
9.999999999999999547e-07
9.999999999999999547e-07
9.999999999999999547e-07
9.999999999999999547e-07
9.999999999999999547e-07
9.999999999999999547e-07
9.999999999999999547e-07
9.999999999999999547e-07
9.999999999999999547e-07
9.999999999999999547e-07
9.999999999999999547e-07
9.997605850097632807e-01
9.997330823963865853e-01
9.116553105730629269e-01
9.242566559205255272e-01
9.560245034725962654e-01
9.977507650817344365e-01
9.875448824123717051e-01
9.935414377981457434e-01
9.453429527290597711e-01
9.999999999999999547e-07
9.999999999999999547e-07
9.999999999999999547e-07
9.999999999999999547e-07
9.330170547953430260e-01
9.999121892396992672e-01
9.997245702545339840e-01
9.377092883869633244e-01
9.991000806753241870e-01
9.629601570003319955e-01
9.342369335600377855e-01
9.784344816398541367e-01
9.146460733540406896e-01
8.338499104936696327e-01
9.642475554963526596e-01
9.670425446603230224e-01
9.964641501461547479e-01
9.067028950187875358e-01
8.732002978110988689e-01
9.254610224734398649e-01
9.531386818097506985e-01
9.200554326236571878e-01
9.999999999999999547e-07
9.999999999999999547e-07
9.999999999999999547e-07
9.999999999999999547e-07
9.999999999999999547e-07
9.999999999999999547e-07
9.999999999999999547e-07
9.999999999999999547e-07
9.999999999999999547e-07
6.043845903986871937e-01
8.187317412312454801e-01
9.998826980082198279e-01
8.301568094448342761e-01
8.821738781409600438e-01
9.998990355994442636e-01
9.655941316563964039e-01
9.791632188454068020e-01
9.999999999999999547e-07
9.999999999999999547e-07
9.999999999999999547e-07
9.999999999999999547e-07
9.999999999999999547e-07
9.998543064643676814e-01
9.550067796986531077e-01
9.283581329730719034e-01
9.996081190199610500e-01
9.987407024427648050e-01
7.797426740872164252e-01
8.302411594455351151e-01
8.155619870339909649e-01
7.774393917420802103e-01
9.150089107087518991e-01
8.761105393970388677e-01
9.999999999999999547e-07
9.999999999999999547e-07
9.999999999999999547e-07
9.999999999999999547e-07
9.999999999999999547e-07
9.999999999999999547e-07
6.897099536451311019e-01
7.814049812902010839e-01
8.018111837257365648e-01
8.449718094909730581e-01
9.911942869683496582e-01
9.999999999999999547e-07
9.999999999999999547e-07
9.998158093697832038e-01
9.950100578876890367e-01
4.288078329964638002e-01
2.609714196345511161e-02
5.352311194543698525e-01
5.580425934125133880e-01
6.448063008179663047e-01
9.999999999999999547e-07
9.999999999999999547e-07
9.999999999999999547e-07
4.546076272595384604e-01
9.995587754257575508e-01
9.772727361590473061e-01
9.998678554774883542e-01
9.999999999999999547e-07
7.676298317437434404e-01
3.693556846580683950e-01
9.999999999999999547e-07
9.999999999999999547e-07
9.999999999999999547e-07
9.999999999999999547e-07
9.999999999999999547e-07
9.999999999999999547e-07
6.026654416358646627e-01
9.959973965033933618e-01
9.993760821587124310e-01
9.361216995969127153e-01
9.995944984528243316e-01
9.999999999999999547e-07
1.077339900864056899e-01
7.197309455342454365e-01
8.716874939769574393e-01
7.848192611394274598e-01
9.999999999999999547e-07
9.999999999999999547e-07
9.999999999999999547e-07
9.999999999999999547e-07
9.923326869237449888e-01
9.341826545485077959e-01
9.999999999999999547e-07
8.406701885414799569e-02
9.999999999999999547e-07
9.999999999999999547e-07
9.999999999999999547e-07
9.999999999999999547e-07
5.245961637956396695e-01
5.619170179219697969e-01
3.583441502554117197e-01
9.999999999999999547e-07
3.187022023234530876e-01
9.999999999999999547e-07
9.999999999999999547e-07
9.999999999999999547e-07
9.999999999999999547e-07
5.070068464868208169e-01
9.997868881869756974e-01
9.986007545412749487e-01
9.999999999999999547e-07
9.990526706355521425e-01
9.999999999999999547e-07
3.623487922063536870e-02
4.486649622924429592e-01
9.999999999999999547e-07
9.999999999999999547e-07
9.905945071536078617e-01
9.999999999999999547e-07
9.999999999999999547e-07
9.999999999999999547e-07
3.097646286773683699e-01
9.999999999999999547e-07
9.999999999999999547e-07
9.999999999999999547e-07
9.999999999999999547e-07
9.999999999999999547e-07
9.997111875245596746e-01
9.999999999999999547e-07
9.999999999999999547e-07
6.585045383374130701e-01
9.999999999999999547e-07
2.015633531445319704e-01
9.999999999999999547e-07
9.935337384849438624e-01
2.106357075392653877e-01
9.999999999999999547e-07
9.999999999999999547e-07
9.999999999999999547e-07
9.999999999999999547e-07
5.119950575765220835e-01
1.166753561291623276e-01
9.999999999999999547e-07
4.647995978085980862e-02
2.185870181034239301e-01
9.655105158008975286e-01
9.993074328768605241e-01
9.999999999999999547e-07
9.999999999999999547e-07
6.168199058597026996e-01
9.974662064173663856e-01
8.946788667741608636e-01
8.398612000832315072e-01
9.999999999999999547e-07
9.999999999999999547e-07
9.999999999999999547e-07
9.036933098153487887e-01
9.999999999999999547e-07
9.999999999999999547e-07
9.999999999999999547e-07
9.999999999999999547e-07
9.999999999999999547e-07
9.992599647896561743e-01
9.999999999999999547e-07
4.349296747159529519e-01
2.352637307698068614e-01
9.999999999999999547e-07
9.999999999999999547e-07
9.999999999999999547e-07
9.999999999999999547e-07
9.964138872279743042e-01
9.984505057712786957e-01
8.760989748591201387e-01
9.999999999999999547e-07
9.999999999999999547e-07
9.999999999999999547e-07
9.996418119104263367e-01
9.999999999999999547e-07
9.999999999999999547e-07
9.999999999999999547e-07
9.999999999999999547e-07
9.999999999999999547e-07
9.999999999999999547e-07
6.422731198014448584e-01
1.212611063904726894e-01
9.999999999999999547e-07
9.999999999999999547e-07
3.414347290853245176e-02
9.879821560781997247e-01
7.443363780737975999e-01
3.951640170082369452e-01
9.999999999999999547e-07
9.999999999999999547e-07
6.520680048332452294e-01
9.995157164193747557e-01
9.843087466709387057e-01
3.844102015689862539e-01
9.999999999999999547e-07
9.999999999999999547e-07
9.999999999999999547e-07
9.231818286400059748e-01
9.984064439366264754e-01
9.999999999999999547e-07
9.999999999999999547e-07
9.999999999999999547e-07
9.999999999999999547e-07
4.619440186726992414e-01
9.986958370927597750e-01
1.472337842363622140e-01
9.999999999999999547e-07
2.269800447426409684e-01
3.142677967906079561e-01
9.999999999999999547e-07
9.999999999999999547e-07
9.999999999999999547e-07
9.999999999999999547e-07
9.999999999999999547e-07
9.999999999999999547e-07
9.999999999999999547e-07
9.999999999999999547e-07
9.905983433554523820e-01
1.731204609597517263e-01
9.991631694144281761e-01
9.987773722533943577e-01
7.413077202883946448e-01
9.999999999999999547e-07
9.999999999999999547e-07
9.999999999999999547e-07
9.999999999999999547e-07
4.090151942345791602e-01
9.975316487836958235e-01
9.979044932284684144e-01
9.956496147861708668e-01
1.719844013154554208e-01
8.699842733170836118e-01
9.999999999999999547e-07
9.999999999999999547e-07
9.999999999999999547e-07
9.999999999999999547e-07
5.074735298011691098e-01
3.942276906232090039e-01
9.999999999999999547e-07
9.845292073453244530e-01
9.665226764838374951e-01
9.447767818637941017e-01
2.930078746082705465e-01
6.377390825104533034e-01
5.168768065433951842e-01
9.999999999999999547e-07
1.820666636440877173e-01
9.999999999999999547e-07
9.999999999999999547e-07
9.999999999999999547e-07
9.999999999999999547e-07
9.999999999999999547e-07
7.319352703121023707e-01
8.209772352363364778e-01
9.983264369233936231e-01
9.954502698591325416e-01
9.981080613116163347e-01
9.999999999999999547e-07
9.999999999999999547e-07
4.200510039145264884e-01
8.010139554878380475e-01
6.332472159725567318e-01
9.999999999999999547e-07
5.644177130498174710e-01
9.980662537141427038e-01
9.953594070910544156e-01
4.475973369346308295e-01
7.256450948690355007e-01
9.125098413156719213e-01
9.999999999999999547e-07
9.999999999999999547e-07
6.889486920848484353e-01
5.714133164116884656e-01
9.914732472563435595e-01
9.999999999999999547e-07
9.999999999999999547e-07
9.999999999999999547e-07
9.694904068123532115e-01
3.006252268612578660e-01
9.809271813315760813e-01
9.961370071897222012e-01
9.999999999999999547e-07
9.999999999999999547e-07
5.988202279219401181e-01
7.296771397780644763e-01
8.795205198395498192e-01
5.172255609964290235e-01
9.999999999999999547e-07
9.999999999999999547e-07
9.972192201439309400e-01
6.537198501077263746e-01
7.967888127145192900e-01
4.520881478328308556e-01
4.722989870475381990e-01
9.999999999999999547e-07
1.420057300169419168e-01
9.999999999999999547e-07
9.999999999999999547e-07
6.053269580837971064e-01
9.638005346838446341e-01
9.970416555520593693e-01
9.934564098272048449e-01
9.857149009656082095e-01
1.660939956517278604e-01
9.290121598171410255e-01
8.062366717316115095e-01
8.021343313884072845e-01
9.909374072558567725e-01
9.959413820900610004e-01
9.396370557927788969e-01
8.246581666369871000e-01
9.946284161779103683e-02
9.815285624583476309e-01
4.866190423180073998e-01
8.832309237252630729e-02
9.862041785514144010e-01
7.066995533814773855e-01
9.999999999999999547e-07
7.938633377560755378e-01
9.341489177137574096e-01
5.688427838091056343e-02
2.761522506075277383e-01
8.954028131825385595e-01
8.382437852272247580e-01
8.737857712183367820e-01
9.821885531012022330e-01
9.633945021212296789e-01
9.943967922596365083e-01
9.910726040840570628e-01
6.033189536680184650e-01
9.769124215927863508e-01
5.997779271858106886e-01
6.064863946434375652e-01
5.565950781166061345e-01
7.575426791546049365e-01
4.008879218133866718e-01
9.314690721192999678e-01
9.700041853553774684e-01
9.770291440281503315e-01
9.551997903583783200e-01
8.741467310283824732e-01
8.866919430664822466e-01
9.789731363447938817e-01
6.784367355637324071e-01
7.476156241316819218e-01
9.428958908887241641e-01
9.431565409567529423e-01
7.476650991738930108e-01
8.660988004105611981e-01
8.770624189157115724e-01
9.479059674492757992e-01
8.791217022216297750e-01
9.999999999999999547e-07
9.999999999999999547e-07
9.999999999999999547e-07
9.999999999999999547e-07
9.999999999999999547e-07
9.999999999999999547e-07
9.999999999999999547e-07
9.999999999999999547e-07
9.999999999999999547e-07
9.999999999999999547e-07
9.999999999999999547e-07
9.999999999999999547e-07
9.999999999999999547e-07
9.998775829668368198e-01
9.998920333614688127e-01
9.998455278175047978e-01
9.998571089157591851e-01
9.997890517758577511e-01
9.998353409830365024e-01
9.998248598354871897e-01
9.998381387415389288e-01
9.997411065804928665e-01
9.997753441845289579e-01
9.997896719398881027e-01
9.997935178661241373e-01
9.998743638967970693e-01
9.995568609513058034e-01
9.994668384362251912e-01
9.999999999999999547e-07
9.999999999999999547e-07
9.999999999999999547e-07
9.999999999999999547e-07
9.999999999999999547e-07
6.865006481576923190e-03
9.999999999999999547e-07
9.999999999999999547e-07
9.999999999999999547e-07
9.999999999999999547e-07
9.999999999999999547e-07
9.999999999999999547e-07
9.999999999999999547e-07
9.999999999999999547e-07
9.996199653109437699e-01
9.993858114648654922e-01
9.997287353265131848e-01
9.995543659350160093e-01
9.997503043941261547e-01
9.996454005116888197e-01
9.995357336005431526e-01
9.996761619765633933e-01
9.994264736429683271e-01
9.996307713078680379e-01
9.997405410449977659e-01
9.991981153490968603e-01
9.997208916225849284e-01
9.991757815624839889e-01
9.994461333044216689e-01
9.997777133175959063e-01
9.990869139789959608e-01
9.992688501873823181e-01
9.996715855909034110e-01
9.988871802906725827e-01
9.995103690632689553e-01
9.984757036603354452e-01
9.988557940770498300e-01
9.999999999999999547e-07
9.999999999999999547e-07
9.999999999999999547e-07
9.999999999999999547e-07
1.446561743244198332e-02
9.999999999999999547e-07
9.999999999999999547e-07
9.999999999999999547e-07
9.999999999999999547e-07
2.282836302074925106e-01
9.999999999999999547e-07
9.998030246266845777e-01
9.981745431964154092e-01
9.984621220675188313e-01
9.997704985952673429e-01
9.995114517818187716e-01
9.978242591037341791e-01
9.990313980072980105e-01
9.976540780106291084e-01
9.999999999999999547e-07
9.999999999999999547e-07
4.216463386901875832e-01
9.999999999999999547e-07
9.999999999999999547e-07
9.999999999999999547e-07
9.999999999999999547e-07
4.387217162293515771e-01
4.288718937287327448e-01
9.998533308746526682e-01
9.998314268579366892e-01
9.935328831503714708e-01
9.965253870972544670e-01
9.974134698494182549e-01
9.997693447259152766e-01
9.996134321289470437e-01
9.984708469820358090e-01
9.984163710184607021e-01
9.999999999999999547e-07
9.999999999999999547e-07
6.504694439058483768e-01
2.377134979194423792e-01
7.001889594733343158e-02
9.999999999999999547e-07
6.579087755028604212e-01
6.743128004757268368e-01
9.999999999999999547e-07
9.999999999999999547e-07
9.999999999999999547e-07
9.999999999999999547e-07
1.313888766409892772e-01
4.323077043556938226e-01
4.231034675364097608e-01
9.998902125917978889e-01
9.998756984897935185e-01
9.934908890360327760e-01
9.951814329474188980e-01
9.971885829496274223e-01
9.997202868273863396e-01
9.984555683372793311e-01
9.993931770270073622e-01
9.954997673403647163e-01
7.422650497061917818e-01
7.499808708144635183e-01
9.999999999999999547e-07
6.711910561828177135e-01
9.967036642920539258e-01
9.998573298053142766e-01
9.998467904885169899e-01
9.956748267210895342e-01
9.997969938792622413e-01
9.991928622622452405e-01
9.985770901062892557e-01
9.993903604221080483e-01
9.986820121277230067e-01
9.971014352152536286e-01
9.991763093609962176e-01
9.991560391839348076e-01
9.994620230727635501e-01
9.917818986809606718e-01
9.884630755914436406e-01
9.987277536114594900e-01
9.989579083714099639e-01
9.983990965494377035e-01
7.187457045976558545e-01
9.999999999999999547e-07
9.999999999999999547e-07
9.999999999999999547e-07
7.903968388200582895e-01
5.239335592472872394e-01
6.600696020587215607e-01
9.999999999999999547e-07
7.353664586385332269e-01
9.939950464389714080e-01
9.978571479752323947e-01
9.996391113079334811e-01
9.855008923029410228e-01
9.910740601520680038e-01
9.998305469111475885e-01
9.967834369964903019e-01
9.975671065409758009e-01
7.551028371110904969e-01
9.999999999999999547e-07
7.722608282291071324e-01
7.148786214336652622e-02
8.406220644573890732e-01
9.995699554905568274e-01
9.945100028636824074e-01
9.925771564815119019e-01
9.997880479942315990e-01
9.997081437469932386e-01
9.977135624164543692e-01
9.970745356368522216e-01
9.976439956996954184e-01
9.965354851973160510e-01
9.985130076164164814e-01
9.979132465760306436e-01
7.376661166614554288e-01
9.999999999999999547e-07
7.770212638472154820e-01
9.999999999999999547e-07
9.999999999999999547e-07
9.999999999999999547e-07
9.662698233037723128e-01
9.788490608023201478e-01
9.783738092438207801e-01
9.860935359194888949e-01
9.984691687197488896e-01
6.702522890559055035e-01
6.864517845131447027e-01
9.997250063045360902e-01
9.991647236710318181e-01
9.960385106469146210e-01
9.863033646093810614e-01
9.962898875977687085e-01
9.935539911939003099e-01
9.953709794736150807e-01
7.792853629851592689e-01
2.256563185809667693e-01
1.772106875940890613e-01
9.241986458395005100e-01
9.988615891742427255e-01
9.964418737062645803e-01
9.997711839181651072e-01
9.935687299904644165e-01
9.969485712879502248e-01
9.919000471491516979e-01
9.702175160406996124e-01
3.923946864640923127e-02
7.019408011416723436e-01
6.959532702997885956e-01
2.598414242894970250e-01
8.624496922902193941e-01
9.510352672719690759e-01
9.970644064875833212e-01
9.985951870810052533e-01
9.905323830750779601e-01
9.997034607775537873e-01
9.938148000199206189e-01
8.406873154979572771e-01
9.685050788847684444e-01
9.857716332368566814e-01
9.709692008319334988e-01
4.699234611667870154e-01
2.016787982380285615e-01
2.741294169387376578e-01
2.060429605742195303e-01
9.986006500083917103e-01
9.941126632038532751e-01
6.850385247840458103e-01
8.769004839041755206e-01
7.687630290118865339e-01
9.381759744743537466e-01
9.907587350364209788e-01
9.849326897619030685e-01
9.932728685262827151e-01
9.960665564098878377e-01
9.932977069111131874e-01
6.034993728338796659e-01
8.922553680444604840e-01
3.489365437439276296e-01
6.936003028671396953e-01
8.018405398159004216e-01
7.304998597868382904e-01
9.297142092896285570e-01
9.994417944392331998e-01
9.995817316631077087e-01
7.319374359720157708e-01
9.982048867933812630e-01
7.308755952124365018e-01
9.892871765244602988e-01
9.907913047311415200e-01
8.831359756553782692e-01
9.887280250309919971e-01
9.980213232125746403e-01
9.906993390973477531e-01
9.806916691723166490e-01
9.880829916554241255e-01
9.894870939639232033e-01
9.886467944898884586e-01
9.364531147059300675e-01
8.077806453446673141e-01
8.074808536343943688e-01
8.115562102807251099e-01
9.995613762250458167e-01
9.934979259566263377e-01
9.579924260518325463e-01
9.539763152155387171e-01
2.497357899547601734e-01
8.550444134480105207e-01
7.515426161380899250e-01
9.963726143520967860e-01
9.142915184828891428e-01
7.065899072737005238e-01
7.699876288702237614e-01
9.682016477972144042e-01
9.867301312843291816e-01
9.952171047572642149e-01
5.903705947481959759e-01
3.031680098249153743e-01
4.176963249415192592e-01
5.393961690311765977e-01
9.932679946750797573e-01
9.988336453027805151e-01
7.023829935341122654e-01
7.831233690702289474e-01
9.490547010765800762e-01
9.992336279777045416e-01
9.856935822272580028e-01
9.734372590029070071e-01
9.814942013922307584e-01
9.899926283676152572e-01
7.368372979969437520e-01
9.929910630949106976e-01
9.884769042675907169e-01
9.266024625483764154e-01
9.641114323236377182e-01
5.136172793559828920e-01
8.557356870493987300e-01
9.995369068456654293e-01
9.900383001726819066e-01
9.043360374091856668e-01
8.022160145612532434e-01
8.076180266347938730e-01
8.093656954231378542e-01
9.328598284512875649e-01
8.807644829829205380e-01
9.986868323368489619e-01
9.983784491357172719e-01
9.913270615477675074e-01
9.854209878075625983e-01
9.874928756836865995e-01
9.923939230100791153e-01
9.992284640849057320e-01
7.256331223256454743e-01
9.768612725324704593e-01
9.851843855079241985e-01
9.797199094786517293e-01
9.257017560010772916e-01
9.807785824174021228e-01
9.409283269133800198e-01
8.101815925769210169e-01
6.667510324925233212e-01
4.625046763985887766e-01
7.180894886079774997e-01
9.968061824664806725e-01
9.523801301664185370e-01
7.228339633414356813e-01
4.727257353371537296e-01
8.496767642448679325e-01
8.516505689500196707e-01
9.994220540544178633e-01
9.948246474487647539e-01
6.570766536235838062e-01
7.486038012564554256e-01
9.821665534561473399e-01
8.716919047366897821e-01
9.844365113142505841e-01
9.975640781642368671e-01
9.507365021607724342e-01
9.798356474388342230e-01
6.247584579995323351e-01
8.144450465264907457e-01
8.888824547187781366e-01
9.982748629326154699e-01
9.162263870609644867e-01
8.889945891178817616e-01
8.020593840663198248e-01
8.613445499146643591e-01
4.405053575751567974e-01
7.683741293848405096e-01
8.765924643020368556e-01
8.146910001997754724e-01
9.666693895004369042e-01
9.854068361768576478e-01
9.715565921020966611e-01
9.836583417814196428e-01
9.953926970980343514e-01
9.872968310048131357e-01
9.992539704753760077e-01
9.992501272613820706e-01
9.461542150230438653e-01
9.492196712070464226e-01
9.844030096192192270e-01
7.574769269784817904e-01
8.483210658269123572e-01
9.132813402626928090e-01
9.968489256642975027e-01
9.984289418966678653e-01
9.979289827186731410e-01
6.447823526380004333e-01
9.685405932598859513e-01
9.191514960420329450e-01
9.426487696639259672e-01
9.781652977813740657e-01
9.736296069263026265e-01
8.617261272374666659e-01
6.724224561841299908e-01
7.987045030724226891e-01
9.936042658030069807e-01
9.901285238864313554e-01
9.814934081145644251e-01
7.619606234324168836e-01
9.139885182329117175e-01
8.620503122110688698e-01
9.388679839247249248e-01
9.173961511612062081e-01
8.801691483261919746e-01
8.847490550954495436e-01
8.275149597280689884e-01
8.702658852646937282e-01
9.606298861016411283e-01
9.833777206665208492e-01
9.883214672732145711e-01
9.989064060563314085e-01
9.957873075666009433e-01
9.985779218119251732e-01
9.135217633563544881e-01
9.772228978569205138e-01
7.477912992629079936e-01
9.409204379501682203e-01
9.485981877296770781e-01
8.419486551059079948e-01
7.822905632039255375e-01
9.987654836354216137e-01
9.954178884269857530e-01
7.968337554131158518e-01
8.999640098260223153e-01
9.661496176416768389e-01
9.696097390473606970e-01
8.765986758417650959e-01
9.264161361889706736e-01
7.659121375578991087e-01
9.958120047465235380e-01
9.121137793690144990e-01
9.700685647121023436e-01
7.975970058429916465e-01
9.902275148663367554e-01
9.148299855591595087e-01
9.910133453806693193e-01
9.968598359286412469e-01
9.572931636224102370e-01
8.498405471239416364e-01
9.755759081025691115e-01
8.561779854861458761e-01
9.449683950648795072e-01
9.452937017977749434e-01
9.139857702793309224e-01
9.593460393506269002e-01
9.983959201213641332e-01
8.479907914347541986e-01
8.961676881978027920e-01
9.424886269376736569e-01
9.205000177791821114e-01
8.924615109777490618e-01
9.243328989241990090e-01
9.615426633537812462e-01
8.369444542632594741e-01
9.665598042861673900e-01
9.821545356742931165e-01
9.982013481458616999e-01
9.954624958800751822e-01
9.911670663395598657e-01
8.801567747052582158e-01
9.838187960499398255e-01
9.278533854481373355e-01
9.652978762644103261e-01
9.958494049391943825e-01
9.978055540854645633e-01
9.702302481290473457e-01
9.109403660281204518e-01
8.828924591484806905e-01
9.895878252769381156e-01
9.196704731877723971e-01
9.443547254393802604e-01
9.931842729892447208e-01
9.647060990648971268e-01
9.425061653005943896e-01
9.711542522405552935e-01
9.797925805336953342e-01
8.729836852506068778e-01
8.904112997682783748e-01
9.533805784311898401e-01
9.770136533491610153e-01
9.695071322640858025e-01
9.920540665892183529e-01
9.859075005236657141e-01
9.970460664112384963e-01
9.965222439824501510e-01
9.447472564780975413e-01
9.893596761131406847e-01
9.431213793322111849e-01
9.545960424385497856e-01
9.225929170825338810e-01
9.656802639270941624e-01
9.067130943877447224e-01
9.816919217496359318e-01
9.912598421267790894e-01
9.919591707713947271e-01
9.821339763377604504e-01
9.682403926090582535e-01
9.818679756782465740e-01
9.940883579533342784e-01
9.435505313408314443e-01
9.540746086413092186e-01
9.814079019228119094e-01
9.887161725183370997e-01
9.463411721021339762e-01
9.641662647775082196e-01
9.777851395599562734e-01
9.871606794912105576e-01
9.710953616419367718e-01
9.995894940478325941e-01
9.996235722568388438e-01
9.994997150956232979e-01
9.996489862107124091e-01
9.994546706158660143e-01
9.992863026867487841e-01
9.996995246017660319e-01
9.995697790001502048e-01
9.988687529237152418e-01
9.994277729504859042e-01
9.997476660816464467e-01
9.995862179792669444e-01
9.995048661886031249e-01
9.998891937268450381e-01
9.998968797210879833e-01
9.998911915054239374e-01
9.999186273461645458e-01
9.999022769827127233e-01
9.998708656200183675e-01
9.999371277345296960e-01
9.999137323199095428e-01
9.998426901161502345e-01
9.998711847912281625e-01
9.999577739772389506e-01
9.999332180651573365e-01
9.999025590754053727e-01
1.000000999001063651e+00
1.000000998886834358e+00
9.986130534605834885e-01
9.991502437187478325e-01
9.997895806831442744e-01
9.995420566852435407e-01
9.996493441200163810e-01
9.998424786513715468e-01
9.980995761820578016e-01
9.992678620451956872e-01
9.988586789607716288e-01
9.996923349968310779e-01
9.997286572277750416e-01
9.992792702372145230e-01
9.988257612233464311e-01
9.994034245058458499e-01
9.998454895939421494e-01
9.999497856302700383e-01
9.999894043589697690e-01
9.999167868639325940e-01
9.999761058951390780e-01
9.999904573731037694e-01
9.998103802429405551e-01
9.998867333925844925e-01
9.998710272206278171e-01
9.999510058302153448e-01
9.999554654551853217e-01
9.999120729828664400e-01
9.999248164489082935e-01
9.999778266626266898e-01
1.000000998671499497e+00
9.999766671959093856e-01
9.997870119074584450e-01
9.998229196026119370e-01
9.999755495287199203e-01
9.999531177894779299e-01
9.999880674656234092e-01
9.999176624660264245e-01
9.998646036772259604e-01
9.968394691964674870e-01
9.978035949221873979e-01
9.998111319362843474e-01
9.998611023575417756e-01
9.997908757355229437e-01
9.980702024547429829e-01
9.995740417316905102e-01
9.993052019750329196e-01
9.993431644880007569e-01
9.998531241659871505e-01
9.990493733422894929e-01
9.999968426590453152e-01
9.997869386660678259e-01
9.998180096730069355e-01
9.999896400122821882e-01
9.999740250173443368e-01
9.999595973235311241e-01
9.999928711196233166e-01
9.998913144256281749e-01
9.949728125100260057e-01
9.965974409347233554e-01
9.999023740263286442e-01
9.966983829565361219e-01
9.988467745588537339e-01
9.989151559665291336e-01
9.996140094127228259e-01
9.998816791353303257e-01
9.998295028018481245e-01
9.999997623037064631e-01
9.999997187007613197e-01
9.998417535201546968e-01
9.998284621998645427e-01
9.998626669989016946e-01
9.999966976680942921e-01
9.999971876072545340e-01
9.999837638236636073e-01
9.999766549953574835e-01
9.924786901536482020e-01
9.946801910867120178e-01
9.999409013321959305e-01
9.991764277860920584e-01
9.996954587979337559e-01
9.980558858854079451e-01
9.999335387581105294e-01
9.998693753822798236e-01
9.979969989692938359e-01
9.966373523904159537e-01
9.899589284693148805e-01
9.946572324665874376e-01
9.995161899929099203e-01
9.997284042634744239e-01
9.995296368609248860e-01
1.000000594584719238e+00
1.000000569479365886e+00
9.999138555874055312e-01
9.998754943341942036e-01
9.999347048277493766e-01
9.999974936284330429e-01
9.999948985051307915e-01
9.999923244743654793e-01
9.999648646531211771e-01
9.999806041068659557e-01
9.999553255045271483e-01
9.968804882317726657e-01
9.999128981673712779e-01
9.998001203906417000e-01
1.000000682225095971e+00
1.000000517370936759e+00
9.999275894802948095e-01
9.999999423512413443e-01
1.000000997829328053e+00
1.000000997643526235e+00
1.000000998674392738e+00
1.000000995795637726e+00
1.000000995755388145e+00
1.000000998026158383e+00
1.000000998384340312e+00
9.999982425837807831e-01
9.999574228395230469e-01
9.999484856373680453e-01
1.000000996433788369e+00
1.000000997840542638e+00
1.000000997195232388e+00
9.999902404488513197e-01
9.921690034755833443e-01
9.948391245960815921e-01
9.924048322285559109e-01
9.998966140735212615e-01
9.992615198701194634e-01
9.996463389938177180e-01
9.900884678857937438e-01
9.999635980419439019e-01
1.000000992326338656e+00
1.000000992508501163e+00
1.000000575215906240e+00
9.998864417482993261e-01
9.998846746167476818e-01
1.000000601896847252e+00
9.999826839252594635e-01
9.999924733320780801e-01
9.999772605283006044e-01
9.982580959602092019e-01
9.999365784124757406e-01
9.973533156958469537e-01
9.999150541280228399e-01
1.000000498565068785e+00
9.999878884268612600e-01
9.999788096566444295e-01
1.000000300285038835e+00
9.999998547558804907e-01
1.000000990807186740e+00
1.000000995630881739e+00
1.000000993009866113e+00
1.000000994279675259e+00
1.000000996438435763e+00
1.000000995834317896e+00
9.999878099949752741e-01
9.888327448398362973e-01
9.996345995311156640e-01
9.955031780852352519e-01
9.911141287388415266e-01
9.932248661858285033e-01
9.998864431616962811e-01
9.999114325369130585e-01
9.999434728051809218e-01
9.999285288355023171e-01
9.999971847458345442e-01
9.997895804970230449e-01
9.999958086394005186e-01
1.000000110172702739e+00
9.999982621988214859e-01
1.000000978593607703e+00
1.000000983250594055e+00
1.000000982669136507e+00
1.000000991251476457e+00
1.000000990690133262e+00
9.999691108168613507e-01
9.985709970750153985e-01
9.902569628174284766e-01
9.996862986916404958e-01
1.000000386463927526e+00
9.999928785798979369e-01
1.000000403564148321e+00
1.000000950140592426e+00
1.000000992501083541e+00
1.000000986458966290e+00
1.000000964030028250e+00
9.899461284619538448e-01
9.999948552589810191e-01
9.999981789530656417e-01
9.985797854888674996e-01
9.998824283310836503e-01
9.998396795117083791e-01
1.000000271885351566e+00
1.000000260351445736e+00
9.999775782278160774e-01
9.999997142786734017e-01
1.000000958486030100e+00
9.988995388571295653e-01
9.999098581970591315e-01
9.999660401323785530e-01
9.999144186100357157e-01
9.936106591419910927e-01
9.928260831294301036e-01
9.964285930717587947e-01
9.945702063119745695e-01
9.999975021025708788e-01
1.000000297364777024e+00
9.999985888404738787e-01
9.996603133582039336e-01
9.999823683061805912e-01
1.000000918220893098e+00
1.000000890532157793e+00
1.000000978725065881e+00
1.000000990384495303e+00
1.000000984439131990e+00
1.000000982028854013e+00
9.955748717548092985e-01
9.994205987390896162e-01
9.922311177270910498e-01
9.969155795309347923e-01
9.998190610842870862e-01
9.999925820814031807e-01
9.997079515082655243e-01
1.000000303857285999e+00
9.999997620272386145e-01
9.994419320713671118e-01
9.999999913535713159e-01
9.999999331069409081e-01
1.000000976324362467e+00
1.000000440322640793e+00
1.000000806242457241e+00
1.000000783531258541e+00
9.999958545872881244e-01
1.000000903434587807e+00
1.000000972526430942e+00
1.000000794542202476e+00
1.000000398739979923e+00
1.000000624697253926e+00
1.000000908041067671e+00
1.000000426644260809e+00
1.000000537604884165e+00
9.999513374322459569e-01
9.999994918878400973e-01
1.000000962924445069e+00
1.000000893867119656e+00
9.998437377767718237e-01
9.918864929896191729e-01
9.989975760669692617e-01
9.976724223373959477e-01
1.000000132209841741e+00
9.997346437486581694e-01
9.999977018825875197e-01
9.999878610211708763e-01
1.000000956580064271e+00
1.000000799236167692e+00
1.000000984320898345e+00
9.988677327221371360e-01
9.933261228071678106e-01
9.979546694878191904e-01
9.973559476365196907e-01
9.999795990303389503e-01
9.999990490998903470e-01
9.969757939367762667e-01
9.981566899863499875e-01
9.998241849094514633e-01
9.999986308911293920e-01
9.999653594217221553e-01
9.998984650267064289e-01
1.000000966325089058e+00
1.000000960820262463e+00
9.999997166474127175e-01
1.000000204602932818e+00
1.000000913400239666e+00
1.000000819535516561e+00
1.000000937331175788e+00
9.944126387773607467e-01
9.997788858874129270e-01
9.999985266926980643e-01
1.000000911204247611e+00
9.994516833429469838e-01
9.993212542883658234e-01
9.999711823491295171e-01
1.000000165353360559e+00
1.000000882164705729e+00
1.000000768368245474e+00
9.999949598735603518e-01
9.999957309115153903e-01
1.000000004341507598e+00
1.000000595029938655e+00
1.000000618463081414e+00
1.000000963842752721e+00
9.999998842843534907e-01
9.999966929733014043e-01
1.000000940573546604e+00
1.000000952002024102e+00
1.000000893712700289e+00
1.000000741126354287e+00
1.000000786336433523e+00
9.997131362194378035e-01
9.983520944781499873e-01
9.964344280385395436e-01
9.941765017851449393e-01
9.970391799878832728e-01
9.999885199134045388e-01
9.997452350787592312e-01
9.987018741602309291e-01
9.960458774388298853e-01
9.999469471809853127e-01
9.988306571445439985e-01
9.999982415017611981e-01
9.999689130373043966e-01
9.981603616220152686e-01
9.999991984619551744e-01
1.000000563327125613e+00
1.000000459481141801e+00
9.999335039785470780e-01
9.999994925690198766e-01
1.000000808186613632e+00
1.000000781299998032e+00
9.960307586994179285e-01
9.999781758426192768e-01
9.991734271085631613e-01
9.999977506618507039e-01
9.998043560400067253e-01
9.998675912653244291e-01
9.980863870674223648e-01
9.989371074366274472e-01
9.947899302684363176e-01
9.999980916543733667e-01
1.000000674005250723e+00
9.999996035301449426e-01
1.000000814638676738e+00
1.000000908499846242e+00
1.000000893311412176e+00
1.000000176823177211e+00
9.999998404895761306e-01
1.000000303547399216e+00
9.999956115814359059e-01
9.999955961478907973e-01
9.996598697932893574e-01
1.000000767454989337e+00
1.000000797419041465e+00
9.999943575072237634e-01
9.999669502898330675e-01
9.995675296452301017e-01
9.999988574840581457e-01
9.999908445382238442e-01
9.999839987134425678e-01
9.965641044821578198e-01
9.997935716555925723e-01
1.000000681500019084e+00
1.000000542586016117e+00
1.000000019888748204e+00
1.000000754209156684e+00
9.991936541830983565e-01
9.973444283479857564e-01
9.999892353087691532e-01
9.999993103950283180e-01
9.999385310025902251e-01
9.998432847783699229e-01
9.974996481157047956e-01
9.993128041295844532e-01
9.986596576241699719e-01
9.999999839178232985e-01
9.998965347851969110e-01
9.999556068339124915e-01
9.999258611095781513e-01
9.999984330613720385e-01
9.999999873423220942e-01
1.000000624430926077e+00
9.999992758877905841e-01
9.999996939957838116e-01
9.999894577158459086e-01
9.999955114745792129e-01
9.999910471965137715e-01
1.000000396965259775e+00
1.000000516756050173e+00
9.974377396039293409e-01
9.994666080627587768e-01
9.996034087382161815e-01
9.999814161361828546e-01
9.978435652499035857e-01
9.999868016102250179e-01
9.999979093958979437e-01
9.978517573837112353e-01
9.989313819375116310e-01
9.996393190132030204e-01
1.000000445115029279e+00
9.999989549405776668e-01
9.993373680516166591e-01
9.982207619939941212e-01
9.999545296045704301e-01
9.999999094843449177e-01
9.999998359451000018e-01
9.999956666244432801e-01
9.999984715622934894e-01
9.999400686731546584e-01
9.998927902432410697e-01
9.999923902323557545e-01
1.000000194078201288e+00
9.999962440259325680e-01
9.999988094447976872e-01
9.985325554080954902e-01
9.993245846746713346e-01
9.998736478718815990e-01
9.999990789270311042e-01
9.999993092984209575e-01
9.999811953100563588e-01
9.983382732894128253e-01
9.988262675501514698e-01
9.997738168113615709e-01
9.999618888733847744e-01
9.999966130361476191e-01
9.999972859374018919e-01
1.000000428186371249e+00
9.999911305605637679e-01
9.999978593963831930e-01
9.997485104798280453e-01
9.999848890994406103e-01
9.999899234360503097e-01
9.999960933960969633e-01
9.999814818120398296e-01
9.999974168387130158e-01
9.991632488329307282e-01
9.995816276810767231e-01
9.999265750943789888e-01
9.999685127238659987e-01
9.995399479460803649e-01
9.989171964533154480e-01
9.999697237757414481e-01
9.999919805247694526e-01
9.999918954564327445e-01
9.999983537235993536e-01
9.999806756492755078e-01
9.997726830260685871e-01
9.999989782215326084e-01
9.999968512979581226e-01
9.999947534956946660e-01
9.999928247202579668e-01
9.999882600534086841e-01
9.993224132878381072e-01
9.997859792764602904e-01
9.995410456737812144e-01
9.998532630377020558e-01
9.997330930247897429e-01
9.999797394706182452e-01
9.999578065362833001e-01
9.999249529549132376e-01
9.999825523643015579e-01
9.999947770060150232e-01
9.999964713224810398e-01
9.999781937473168902e-01
9.998833369538024929e-01
9.999904083339967720e-01
9.996693889924643806e-01
9.998288594057954670e-01
9.999611007973735477e-01
9.999868728229585058e-01
9.999923541495023827e-01
9.997823581671352322e-01
9.999132290020847913e-01
9.999924399564260602e-01
9.999511336642331605e-01
9.999725810098017975e-01
9.998507337250246430e-01
9.999802655724819855e-01
9.999845781420706459e-01
9.999050300683577364e-01
9.999326505508027152e-01
9.999597113496978551e-01
1.000000999999999918e+00
1.000000999999999918e+00
1.000000999999999918e+00
1.000000999999999918e+00
1.000000999999999918e+00
1.000000999999999918e+00
1.000000999999999918e+00
1.000000999999999918e+00
1.000000999999999918e+00
1.000000999999999918e+00
1.000000999999999918e+00
1.000000999999999918e+00
1.000000999999999918e+00
1.000000999158163983e+00
1.000000999052754969e+00
1.000000999069640573e+00
1.000000998266126429e+00
1.000000998820214759e+00
1.000000999360362242e+00
1.000000997081024634e+00
1.000000998452550416e+00
1.000000999585165973e+00
1.000000999347719910e+00
1.000000994461261339e+00
1.000000997485555709e+00
1.000000998862996315e+00
9.999038259780165250e-01
9.999257420125978735e-01
1.000000999999999918e+00
1.000000999999999918e+00
1.000000999999999918e+00
1.000000999999999918e+00
1.000000999999999918e+00
1.000000999999999918e+00
1.000000999999999918e+00
1.000000999999999918e+00
1.000000999999999918e+00
1.000000999999999918e+00
1.000000999999999918e+00
1.000000999999999918e+00
1.000000999999999918e+00
1.000000999999999918e+00
1.000000999610536345e+00
1.000000998160124110e+00
1.000000979084047170e+00
1.000000998846954703e+00
1.000000989244687499e+00
1.000000983475510363e+00
1.000000999769211196e+00
1.000000999217659725e+00
1.000000999561944326e+00
1.000000996934776509e+00
1.000000995462283049e+00
1.000000999378300559e+00
1.000000998184509493e+00
1.000000996910227702e+00
9.999136459609297978e-01
1.000000987842704081e+00
1.000000999888073006e+00
1.000000999803267954e+00
1.000000991821811347e+00
1.000000999021710246e+00
1.000000990337032380e+00
1.000000999689067749e+00
1.000000999793203782e+00
1.000000999999999918e+00
1.000000999999999918e+00
1.000000999999999918e+00
1.000000999999999918e+00
1.000000999999999918e+00
1.000000999999999918e+00
1.000000999999999918e+00
1.000000999999999918e+00
1.000000999999999918e+00
1.000000999999999918e+00
1.000000999999999918e+00
1.000000944428604877e+00
1.000000999949256064e+00
1.000000999914676614e+00
1.000000974593577174e+00
1.000000994930729581e+00
1.000000999569359283e+00
1.000000994824586931e+00
1.000000999889529174e+00
1.000000999999999918e+00
1.000000999999999918e+00
1.000000999999999918e+00
1.000000999999999918e+00
1.000000999999999918e+00
1.000000999999999918e+00
1.000000999999999918e+00
1.000000999999999918e+00
1.000000999999999918e+00
1.000000883918864547e+00
1.000000902296460659e+00
1.000000999989980155e+00
1.000000999972067373e+00
1.000000999934147705e+00
1.000000954494047134e+00
1.000000974671299669e+00
1.000000998368494098e+00
1.000000998829015941e+00
1.000000999999999918e+00
1.000000999999999918e+00
1.000000999999999252e+00
1.000000999999999918e+00
1.000000999999999918e+00
1.000000999999999918e+00
1.000000999999999252e+00
1.000000999999999030e+00
1.000000999999999918e+00
1.000000999999999918e+00
1.000000999999999918e+00
1.000000999999999918e+00
1.000000999999999918e+00
1.000000999999999918e+00
1.000000999999999696e+00
1.000000781883728207e+00
1.000000812270082529e+00
1.000000999974881566e+00
1.000000999973811977e+00
1.000000999834751214e+00
1.000000960767966740e+00
1.000000996904001349e+00
1.000000990510305998e+00
1.000000999855066741e+00
1.000000999999944407e+00
1.000000999999992590e+00
1.000000999999999918e+00
1.000000999999999030e+00
1.000000999976700555e+00
1.000000638071364412e+00
1.000000846407153032e+00
1.000000999931343282e+00
1.000000918284716267e+00
9.999303403451466066e-01
9.999806291697016514e-01
9.999305832895558632e-01
9.999512705407795909e-01
9.999943703742377732e-01
9.999414721964915431e-01
9.999573311493205052e-01
1.000000981430714031e+00
1.000000999961002446e+00
1.000000999983779115e+00
9.999567936713424920e-01
9.999625639113340902e-01
9.999822396055972895e-01
1.000000999999591578e+00
1.000000999999999918e+00
1.000000999999999918e+00
1.000000999999999918e+00
1.000000999999991036e+00
1.000000999999999252e+00
1.000000999999998363e+00
1.000000999999999918e+00
1.000000999999993478e+00
9.999993794757369159e-01
9.999733434875706095e-01
1.000000460441147654e+00
1.000000999996941031e+00
1.000000999991426109e+00
1.000000685857835636e+00
1.000000999520112455e+00
1.000000998693484355e+00
1.000000999999940188e+00
1.000000999999999918e+00
1.000000999999991258e+00
1.000000999999999918e+00
1.000000999999931972e+00
1.000000496842917030e+00
1.000000999697529425e+00
1.000000999896390130e+00
1.000000900971321993e+00
1.000000948198162209e+00
9.999718231852410266e-01
9.999943271567633962e-01
9.999812322339671766e-01
9.999953608382909920e-01
9.999711365654584405e-01
9.999858028530829168e-01
1.000000999999554940e+00
1.000000999999999918e+00
1.000000999999992368e+00
1.000000999999999918e+00
1.000000999999999918e+00
1.000000999999999918e+00
1.000000999999240969e+00
1.000000999997778584e+00
1.000000999993549522e+00
1.000000999992968875e+00
1.000000995693937078e+00
1.000000999999998808e+00
1.000000999997600726e+00
1.000000826030282397e+00
1.000000989480707814e+00
9.999873330510526959e-01
1.000000754742035314e+00
9.999871134304169074e-01
9.999995120136272453e-01
9.999969009748671533e-01
1.000000999999931306e+00
1.000000999999999696e+00
1.000000999999999918e+00
1.000000999999837159e+00
1.000000340172851443e+00
1.000000999027639059e+00
1.000000750775617675e+00
9.999960316156611961e-01
9.999904437402077351e-01
9.999998997364961673e-01
1.000000974740235637e+00
1.000000999999999918e+00
1.000000999997419981e+00
1.000000999988004846e+00
1.000000999999999696e+00
1.000000999999907325e+00
1.000000999999496321e+00
1.000000327295207825e+00
1.000000415327936931e+00
1.000000999861150097e+00
1.000000927977154008e+00
9.999956434094816604e-01
1.000000999999969054e+00
1.000000999998201356e+00
1.000000999974517857e+00
1.000000999992714856e+00
1.000000999999999030e+00
1.000000999999999696e+00
1.000000999999999474e+00
1.000000999999999696e+00
1.000000994894962192e+00
1.000000430147063968e+00
1.000000999988859274e+00
1.000000999999931084e+00
1.000000999999490547e+00
1.000000998117782203e+00
9.999995700775839991e-01
1.000000788267996210e+00
9.999995704793223084e-01
9.999903713519883164e-01
9.999985266247483073e-01
1.000000999999997031e+00
1.000000999999901330e+00
1.000000999999999474e+00
1.000000999999994589e+00
1.000000999999990370e+00
1.000000999997098239e+00
1.000000999999621110e+00
1.000000589380972693e+00
1.000000965626318017e+00
1.000000999999994367e+00
1.000000546880132291e+00
1.000000999960233061e+00
1.000000297971186614e+00
1.000000593367369017e+00
1.000000999718672734e+00
1.000000581534457034e+00
1.000000996805200604e+00
9.999994290266268626e-01
1.000000893656564305e+00
1.000000581822610757e+00
1.000000674080239627e+00
1.000000712745540143e+00
1.000000998243526062e+00
1.000000999876691221e+00
1.000000999889862463e+00
1.000000999999922868e+00
1.000000862383972899e+00
9.999965792047381674e-01
1.000000990199480189e+00
1.000000999998422735e+00
1.000000999999999696e+00
1.000000999999926421e+00
1.000000999999983042e+00
1.000000437231929551e+00
1.000000999999688833e+00
1.000000999987273875e+00
1.000000999996671469e+00
1.000000978429188780e+00
1.000000638651502127e+00
9.999949612252659881e-01
1.000000999999997697e+00
1.000000999999999474e+00
1.000000999999999030e+00
1.000000999999996365e+00
1.000000999631966536e+00
1.000000814774991920e+00
1.000000999999989704e+00
1.000000999999982376e+00
1.000000999999054674e+00
1.000000985191336733e+00
1.000000999952808778e+00
1.000000999984051342e+00
1.000000860697415783e+00
9.999998079817270513e-01
1.000000999956446535e+00
1.000000536473499846e+00
1.000000079750637427e+00
1.000000998708506561e+00
1.000000984312551022e+00
1.000000999999998141e+00
1.000000999999962170e+00
1.000000964807127746e+00
9.999996190957046727e-01
1.000000999999673290e+00
1.000000999999979712e+00
1.000000999999441698e+00
1.000000999852004302e+00
1.000000998459316337e+00
1.000000999701401438e+00
1.000000993178853159e+00
1.000000938717306331e+00
1.000000665542275957e+00
1.000000826383304231e+00
1.000000762402266874e+00
9.999982911544886832e-01
1.000000710338120768e+00
1.000000999985894756e+00
1.000000918326433785e+00
1.000000639750222131e+00
1.000000851722092188e+00
1.000000998552297515e+00
1.000000857045991287e+00
1.000000999998326590e+00
1.000000999999942408e+00
1.000000999999989482e+00
1.000000999999998141e+00
1.000000999999974161e+00
1.000000998411288977e+00
1.000000999995722450e+00
1.000000999999986817e+00
1.000000999999997475e+00
1.000000999999468343e+00
1.000000999999877571e+00
1.000000923346342496e+00
1.000000999284543335e+00
1.000000999999991036e+00
1.000000999949541391e+00
1.000000888124598086e+00
1.000000999579246264e+00
1.000000999929336665e+00
1.000000685929828936e+00
1.000000994162163259e+00
1.000000876770114733e+00
1.000000999999990148e+00
1.000000999996665696e+00
1.000000999999603346e+00
1.000000883275667940e+00
1.000000999999477891e+00
1.000000999999733464e+00
1.000000999999918871e+00
1.000000999999835605e+00
1.000000999999998141e+00
1.000000999939309354e+00
1.000000999659913958e+00
1.000000999814790292e+00
1.000000975130274528e+00
1.000000557712572347e+00
1.000000955909885469e+00
1.000000859184910107e+00
1.000000588116979117e+00
1.000000769481360852e+00
1.000000965180183776e+00
1.000000982979888597e+00
1.000000999996328854e+00
1.000000994619461236e+00
1.000000745331118823e+00
1.000000999983746919e+00
1.000000999995892759e+00
1.000000999999744344e+00
1.000000779916643490e+00
1.000000976061603986e+00
1.000000996715022739e+00
1.000000999999985707e+00
1.000000999983256200e+00
1.000000998782381911e+00
1.000000995704934725e+00
1.000000923740761882e+00
1.000000947908382454e+00
1.000000999999912432e+00
1.000000999999982820e+00
1.000000999982536332e+00
1.000000738706841696e+00
1.000000999785953137e+00
1.000000999938823076e+00
1.000000999999940854e+00
1.000000999998839735e+00
1.000000999999667517e+00
1.000000994774809859e+00
1.000000999996569995e+00
1.000000999991753847e+00
1.000000999998658990e+00
1.000000999763563714e+00
1.000000999434681237e+00
1.000000986519232749e+00
1.000000887094251167e+00
1.000000791799976030e+00
1.000000989654506567e+00
1.000000927639604686e+00
1.000000976694579879e+00
1.000000998558363996e+00
1.000000937679430990e+00
1.000000999999948181e+00
1.000000999996053963e+00
1.000000999998493789e+00
1.000000999976444094e+00
1.000000999999919538e+00
1.000000991136121398e+00
1.000000853867659911e+00
1.000000999999891560e+00
1.000000999999007378e+00
1.000000999984002492e+00
1.000000970449423709e+00
1.000000999205031604e+00
1.000000999999397733e+00
1.000000999999958395e+00
1.000000999030259186e+00
1.000000998103547145e+00
1.000000962794610260e+00
1.000000999928108536e+00
1.000000856363292945e+00
1.000000999978784888e+00
1.000000999760060960e+00
1.000000961689757162e+00
1.000000987099683547e+00
1.000000999689306225e+00
1.000000946001285085e+00
1.000000999999766549e+00
1.000000999995358075e+00
1.000000999987850969e+00
1.000000997575704487e+00
1.000000981557440438e+00
1.000000992403298206e+00
1.000000999999720364e+00
1.000000999999431928e+00
1.000000999998007511e+00
1.000000999887500797e+00
1.000000998917697670e+00
1.000000996646175810e+00
1.000000984620151634e+00
1.000000999905831911e+00
1.000000974602679449e+00
1.000000999943651880e+00
1.000000987528352869e+00
1.000000972046318548e+00
1.000000926125449219e+00
1.000000999888186470e+00
1.000000931673986404e+00
1.000000999998995388e+00
1.000000999995030115e+00
1.000000999124113887e+00
1.000000996971710743e+00
1.000000999984591132e+00
1.000000999998847728e+00
1.000000999964024473e+00
1.000000968027640491e+00
1.000000998480718994e+00
1.000000991726572197e+00
1.000000989077179492e+00
1.000000999989770101e+00
1.000000992374465936e+00
1.000000972071241945e+00
1.000000969122359695e+00
1.000000999631210252e+00
1.000000999641401211e+00
1.000000999995789064e+00
1.000000999967218807e+00
1.000000999992240791e+00
1.000000999764939724e+00
1.000000999935711565e+00
1.000000990228004705e+00
1.000000997008939185e+00
1.000000999939480772e+00
1.000000988811049263e+00
1.000000994706320423e+00
1.000000988975060956e+00
1.000000999573305016e+00
1.000000999935503065e+00
1.000000999190887363e+00
1.000000999969994364e+00
1.000000999815734648e+00
1.000000996646161822e+00
1.000000987843006728e+00
1.000000988079509323e+00
1.000000999950962255e+00
1.000000999201971164e+00
1.000000995970729223e+00
1.000000999684013347e+00
1.000000996180231638e+00
1.000000999806698987e+00
1.000000998654728468e+00
1.000000995774990464e+00
1.000000999752498121e+00
1.000000999059045936e+00
1.000000998865442803e+00
1.000000999999999918e+00
1.000000999999999918e+00
1.000000999999999918e+00
1.000000999999999918e+00
1.000000999999999918e+00
1.000000999999999918e+00
1.000000999999999918e+00
1.000000999999999918e+00
1.000000999999999918e+00
1.000000999999999918e+00
1.000000999999999918e+00
1.000000999999999918e+00
1.000000999999999918e+00
9.999163505356889470e-01
9.998996815253863302e-01
9.999433863606991268e-01
9.999423523249322265e-01
9.999688816785784473e-01
9.999467241691245567e-01
9.999658642044305656e-01
9.999524516594848755e-01
9.999749509780448964e-01
9.999691544505256990e-01
9.999829555357423461e-01
9.999740439335221831e-01
9.999227533649567290e-01
1.000000999999999918e+00
1.000000999999999918e+00
1.000000999999999918e+00
1.000000999999999918e+00
1.000000999999999918e+00
1.000000999999999918e+00
1.000000999999999918e+00
1.000000999999999918e+00
1.000000999999999918e+00
1.000000999999999918e+00
1.000000999999999918e+00
1.000000999999999918e+00
1.000000999999999918e+00
1.000000999999999918e+00
1.000000999999999918e+00
1.000000999999999918e+00
9.999882587098284370e-01
9.999985860378562963e-01
9.999986762669061946e-01
9.999940476367217279e-01
9.999938364940822444e-01
9.999997769892918775e-01
9.999919442615721188e-01
9.999855244146887978e-01
9.999957639828291889e-01
9.999942130112882133e-01
9.999884194263363169e-01
9.999989267061204501e-01
9.999845493861879708e-01
1.000000429927707657e+00
1.000000999999999918e+00
9.999922435544000843e-01
9.999987602823462440e-01
9.999975005352211843e-01
9.999967247301507767e-01
1.000000389654566613e+00
1.000000158305085929e+00
1.000000551776616398e+00
9.999998329988523116e-01
1.000000999999999918e+00
1.000000999999999918e+00
1.000000999999999918e+00
1.000000999999999918e+00
1.000000999999999918e+00
1.000000999999999918e+00
1.000000999999999918e+00
1.000000999999999918e+00
1.000000999999999918e+00
1.000000999999999918e+00
1.000000999999999918e+00
9.999999956746220553e-01
1.000000571045099429e+00
1.000000363140749915e+00
9.999978936933882068e-01
9.999989566589251311e-01
1.000000894527023121e+00
1.000000891726184671e+00
1.000000823036099940e+00
1.000000999999999918e+00
1.000000999999999918e+00
1.000000999999999918e+00
1.000000999999999918e+00
1.000000999999999918e+00
1.000000999999999918e+00
1.000000999999999918e+00
1.000000999999999918e+00
1.000000999999999918e+00
1.000000719873407995e+00
1.000000770508298720e+00
1.000000989259808071e+00
1.000000928343356410e+00
1.000000848354541061e+00
1.000000205836991674e+00
1.000000747093329867e+00
1.000000900934740811e+00
1.000000864661575006e+00
1.000000999999999918e+00
1.000000999999999918e+00
1.000000999999999918e+00
1.000000999999999918e+00
1.000000999999999918e+00
1.000000999999999918e+00
1.000000999999999918e+00
1.000000999999999918e+00
1.000000999999999918e+00
1.000000999999999918e+00
1.000000999999999252e+00
1.000000999999999918e+00
1.000000999999999918e+00
1.000000999999999918e+00
1.000000999999999918e+00
1.000000932266090325e+00
1.000000948314565763e+00
1.000000991778364545e+00
1.000000975333714459e+00
1.000000920399538806e+00
1.000000584682560811e+00
1.000000977742710573e+00
1.000000676718503900e+00
1.000000987296999266e+00
1.000000999999999918e+00
1.000000999999999918e+00
1.000000999999999918e+00
1.000000999999999918e+00
1.000000913933226876e+00
1.000000985927105734e+00
1.000000975293457550e+00
1.000000974483219673e+00
1.000000885266964845e+00
1.000000999999999918e+00
1.000000999999999918e+00
1.000000999999999918e+00
1.000000999999999918e+00
1.000000999999999918e+00
1.000000999999999918e+00
1.000000999999999918e+00
1.000000923510675710e+00
1.000000997668014202e+00
1.000000999083883180e+00
1.000000999999999918e+00
1.000000999999999918e+00
1.000000999999999918e+00
1.000000999999999918e+00
1.000000999999999918e+00
1.000000999999999918e+00
1.000000999999999474e+00
1.000000999999999918e+00
1.000000999999999918e+00
1.000000999999999918e+00
1.000000999999998141e+00
1.000000999999999918e+00
1.000000999999999918e+00
1.000000999999999918e+00
1.000000997055435548e+00
1.000000999170239657e+00
1.000000996514986085e+00
1.000000990801450218e+00
1.000000984479539889e+00
1.000000989087125980e+00
1.000000999999999918e+00
1.000000999999999918e+00
1.000000999999999918e+00
1.000000999999999918e+00
1.000000999999999918e+00
1.000000997951102866e+00
1.000000998701936927e+00
1.000000998638159055e+00
1.000000987709389833e+00
1.000000943070672887e+00
1.000000999999999918e+00
1.000000999999999918e+00
1.000000999999999918e+00
1.000000999999999918e+00
1.000000999999999918e+00
1.000000999999999918e+00
1.000000999999999918e+00
1.000000999999992812e+00
1.000000999999999918e+00
1.000000999999999696e+00
1.000000999999995255e+00
1.000000999999998808e+00
1.000000999824805836e+00
1.000000999699406812e+00
1.000000999864194551e+00
1.000000999316721595e+00
1.000000994224987672e+00
1.000000999999999918e+00
1.000000999999999918e+00
1.000000997556939275e+00
1.000000976067799474e+00
1.000000999999999918e+00
1.000000999999999918e+00
1.000000999999999918e+00
1.000000999999999918e+00
1.000000999999999918e+00
1.000000999999999918e+00
1.000000999999999918e+00
1.000000999999929974e+00
1.000000999935526158e+00
1.000000999580423988e+00
1.000000998790343543e+00
1.000000995685351501e+00
1.000000999999999918e+00
1.000000999999999918e+00
1.000000999999999918e+00
1.000000999999999918e+00
1.000000999999981266e+00
1.000000999999999918e+00
1.000000999999999918e+00
1.000000999999999918e+00
1.000000999999999918e+00
1.000000999904908872e+00
1.000000999945389157e+00
1.000000999748259733e+00
1.000000999877713737e+00
1.000000997124963709e+00
1.000000999999999918e+00
1.000000999981617955e+00
1.000000999881626607e+00
1.000000999787257872e+00
1.000000999959785641e+00
1.000000999999419271e+00
1.000000999999987705e+00
1.000000999999999030e+00
1.000000999999996809e+00
1.000000994194786719e+00
1.000000999993287065e+00
1.000000999999999918e+00
1.000000999999999918e+00
1.000000999999999918e+00
1.000000999999999918e+00
1.000000999999998808e+00
1.000000999999999918e+00
1.000000999999999918e+00
1.000000999999999918e+00
1.000000999999999918e+00
1.000000999998667428e+00
1.000000999968714055e+00
1.000000999999823614e+00
1.000000999996217832e+00
1.000000999999999918e+00
1.000000999999999918e+00
1.000000999956992986e+00
1.000000998909954530e+00
1.000000987044639134e+00
1.000000999999999918e+00
1.000000999876123675e+00
1.000000999999999918e+00
1.000000999999999918e+00
1.000000999999213880e+00
1.000000999999999918e+00
1.000000999999989482e+00
1.000000998561366705e+00
1.000000999999999474e+00
1.000000999999999918e+00
1.000000999999995255e+00
1.000000999999599793e+00
1.000000999999909324e+00
1.000000999999999918e+00
1.000000999999999918e+00
1.000000999999999918e+00
1.000000999999999918e+00
1.000000999272212754e+00
1.000000999999999918e+00
1.000000999999999918e+00
1.000000999955039438e+00
1.000000999999953288e+00
1.000000999987344930e+00
1.000000999996269790e+00
1.000000999971228710e+00
1.000000999999999918e+00
1.000000999999999918e+00
1.000000999999999918e+00
1.000000999999999918e+00
1.000000999999998363e+00
1.000000999999999918e+00
1.000000999999999918e+00
1.000000999999976603e+00
1.000000999999999696e+00
1.000000999999998141e+00
1.000000999921261569e+00
1.000000999870573448e+00
1.000000999997876949e+00
1.000000999992382233e+00
1.000000999947221691e+00
1.000000996714148105e+00
1.000000999925062972e+00
1.000000999982989081e+00
1.000000999999999918e+00
1.000000999999999918e+00
1.000000999999999918e+00
1.000000999996570661e+00
1.000000999999999918e+00
1.000000999999999918e+00
1.000000999999999918e+00
1.000000999999616669e+00
1.000000999999999918e+00
1.000000998945831165e+00
1.000000999999999696e+00
1.000000999984117511e+00
1.000000999999999918e+00
1.000000999999999918e+00
1.000000999999999918e+00
1.000000999999999918e+00
1.000000999999999918e+00
1.000000999599996110e+00
1.000000999980174443e+00
1.000000999998561957e+00
1.000000999999984597e+00
1.000000999999955731e+00
1.000000999999999918e+00
1.000000999557818515e+00
1.000000999999999918e+00
1.000000999999999918e+00
1.000000999999999918e+00
1.000000999999999918e+00
1.000000999999999918e+00
1.000000999999999918e+00
1.000000999983677641e+00
1.000000999996052409e+00
1.000000999999244078e+00
1.000000999999889562e+00
1.000000999999450135e+00
1.000000999853944084e+00
1.000000999990212636e+00
1.000000999999999474e+00
1.000000999999993034e+00
1.000000999999999918e+00
1.000000999999996809e+00
1.000000999745085828e+00
1.000000999986693007e+00
1.000000999999998808e+00
1.000000999999999918e+00
1.000000999999996143e+00
1.000000999999999918e+00
1.000000999988258865e+00
1.000000999953117864e+00
1.000000999999999918e+00
1.000000999999999918e+00
1.000000999999829832e+00
1.000000999999999918e+00
1.000000999994663742e+00
1.000000999964181903e+00
1.000000999999999918e+00
1.000000999999999918e+00
1.000000999998568840e+00
1.000000999994158812e+00
1.000000999999973272e+00
1.000000999999999918e+00
1.000000999999999918e+00
1.000000999999999918e+00
1.000000999999999918e+00
1.000000999999999918e+00
1.000000999999999918e+00
1.000000999999961282e+00
1.000000999987434414e+00
1.000000999999845819e+00
1.000000999919381295e+00
1.000000999774458998e+00
1.000000999993783335e+00
1.000000999999999918e+00
1.000000999999999474e+00
1.000000999999999918e+00
1.000000999999999918e+00
1.000000999999999696e+00
1.000000999981114358e+00
1.000000999992564310e+00
1.000000999972516791e+00
1.000000999999951734e+00
1.000000999995639406e+00
1.000000999999999918e+00
1.000000999999999918e+00
1.000000999999993034e+00
1.000000999999999918e+00
1.000000999999999252e+00
1.000000999999989482e+00
1.000000999999999918e+00
1.000000999996328632e+00
1.000000999994716144e+00
1.000000999998021278e+00
1.000000999999694162e+00
1.000000999996854656e+00
1.000000999998906792e+00
1.000000999999999918e+00
1.000000999999999918e+00
1.000000999999999918e+00
1.000000999999999918e+00
1.000000999999999918e+00
1.000000999999999918e+00
1.000000999999999918e+00
1.000000999999932416e+00
1.000000999999615114e+00
1.000000999972800342e+00
1.000000999997144868e+00
1.000000999990626749e+00
1.000000999999999918e+00
1.000000999999999252e+00
1.000000999999924201e+00
1.000000999998334361e+00
1.000000999999998808e+00
1.000000999999999918e+00
1.000000999999961060e+00
1.000000999986000005e+00
1.000000999994822726e+00
1.000000999999760998e+00
1.000000999999480999e+00
1.000000999999092199e+00
1.000000999999999918e+00
1.000000999999999918e+00
1.000000999999997697e+00
1.000000999999995255e+00
1.000000999997679996e+00
1.000000999999999918e+00
1.000000999999999030e+00
1.000000999999999918e+00
1.000000999999355988e+00
1.000000999999999918e+00
1.000000999999139495e+00
1.000000999997450180e+00
1.000000999999999918e+00
1.000000999999999918e+00
1.000000999999992146e+00
1.000000999999980378e+00
1.000000999999685725e+00
1.000000999999999474e+00
1.000000999999999918e+00
1.000000999999999696e+00
1.000000999996810247e+00
1.000000999999858919e+00
1.000000999999975937e+00
1.000000999999999696e+00
1.000000999999999696e+00
1.000000999999999918e+00
1.000000999999999918e+00
1.000000999999999918e+00
1.000000999999999918e+00
1.000000999999998808e+00
1.000000999999606899e+00
1.000000999997302298e+00
1.000000999999287155e+00
1.000000999999548945e+00
1.000000999999999918e+00
1.000000999999937301e+00
1.000000999999990370e+00
1.000000999999995477e+00
1.000000999999731466e+00
1.000000999998403639e+00
1.000000999999864693e+00
1.000000999999908657e+00
1.000000999999999918e+00
1.000000999999896001e+00
1.000000999999999918e+00
1.000000999999999918e+00
1.000000999999921980e+00
1.000000999999998585e+00
1.000000999999999918e+00
1.000000999999997031e+00
1.000000999999986595e+00
1.000000999999999918e+00
1.000000999999999918e+00
1.000000999999959062e+00
1.000000999999995921e+00
1.000000999999987705e+00
1.000000999999815399e+00
1.000000999999912654e+00
1.000000999999464346e+00
1.000000999999860918e+00
1.000000999999999474e+00
1.000000999999973272e+00
1.000000999999999918e+00
1.000000999999999696e+00
1.000000999999999696e+00
1.000000999999998585e+00
1.000000999999999918e+00
1.000000999999971274e+00
1.000000999999941742e+00
1.000000999999978601e+00
1.000000999999992590e+00
1.000000999999998808e+00
1.000000999999992368e+00
1.000000999999954621e+00
1.000000999999999918e+00
1.000000999999999252e+00
1.000000999999996143e+00
1.000000999999983264e+00
1.000000999999999696e+00
1.000000999999999252e+00
1.000000999999996365e+00
1.000000999999991036e+00
1.000000999999998141e+00
1.000000926912223864e+00
1.000000909802341464e+00
1.000000898403435645e+00
1.000000854223773050e+00
1.000000779716474275e+00
1.000000813237744257e+00
1.000000741190041342e+00
1.000000890759681571e+00
1.000000583434259571e+00
1.000000836855247321e+00
1.000000439731216106e+00
1.000000817208481996e+00
1.000000637480728649e+00
9.998822467165010552e-01
9.998878192280817867e-01
9.998409766375845331e-01
9.997723837895087229e-01
9.997455821758545191e-01
9.998683676619454230e-01
9.995876324605014185e-01
9.997622088645423677e-01
9.998477493519278836e-01
9.998202491205933073e-01
9.991673764142909864e-01
9.995659557922023097e-01
9.998516721003859464e-01
9.873435950048420340e-01
9.882968119235787663e-01
1.000000224306982544e+00
1.000000666166367846e+00
9.999994893667227824e-01
1.000000290819702986e+00
1.000000666847598696e+00
9.999970247840243021e-01
9.999999789693082564e-01
1.000000566239541255e+00
1.000000115719879235e+00
1.000000202711744057e+00
9.999987314536372685e-01
1.000000172229186024e+00
9.999991336777379614e-01
9.999885347772103916e-01
9.997934704340477596e-01
9.990332829315959895e-01
9.960122544879951301e-01
9.994958051906287499e-01
9.981896520224174951e-01
9.957308608327634092e-01
9.998245984558484789e-01
9.997140404734491392e-01
9.996810735379839663e-01
9.991016006591240117e-01
9.991262758559520396e-01
9.994597564584071225e-01
9.995442977846209498e-01
9.980014528385222627e-01
9.807574646747707625e-01
9.982095695182600092e-01
9.998069397013712445e-01
9.997692348953788333e-01
9.981187025206808006e-01
9.989949469922072556e-01
9.965113455691558819e-01
9.994402005920766108e-01
9.996605240674533155e-01
9.999985145846996826e-01
9.999992553932085526e-01
9.999997694620120781e-01
9.999977355298375059e-01
9.999950118579861158e-01
9.999986788126031811e-01
9.999992855053249086e-01
9.999991828110501579e-01
9.999963363695563157e-01
9.999936063276343434e-01
9.999675672485730527e-01
9.908572249214745442e-01
9.998020722895479828e-01
9.997591249772718180e-01
9.959636099186365277e-01
9.981639569359562758e-01
9.990551883727222249e-01
9.959797159761106800e-01
9.996154219354527193e-01
9.999953925134483779e-01
9.999971559330262938e-01
9.999916431525126548e-01
9.999947041427689198e-01
9.999964414600237550e-01
9.999884570291869279e-01
9.999962149437178205e-01
9.999879081867959485e-01
9.999807468108421471e-01
9.798427970753165184e-01
9.808172833642824218e-01
9.998323345736885859e-01
9.997880329290239620e-01
9.997044878787497701e-01
9.912667897889769764e-01
9.915664748896931835e-01
9.979205451082246991e-01
9.983971150952477558e-01
9.999893704145009776e-01
9.999924959235501065e-01
9.999768166060858388e-01
9.999324583421931312e-01
9.999893028853537036e-01
9.999871937752786710e-01
9.999720684101341961e-01
9.999354607529243877e-01
9.999956745622375909e-01
9.999864324870219034e-01
9.999800798687503711e-01
9.999856779192813905e-01
9.999753796262162986e-01
9.999631421783341523e-01
9.999281208175820890e-01
9.578016813841538912e-01
9.588176762241976681e-01
9.997065088015033574e-01
9.997497144341344066e-01
9.994245569142298224e-01
9.904005157735563669e-01
9.959406859262586176e-01
9.955452564564880591e-01
9.992560662850602515e-01
9.998187303201298004e-01
9.999075188725209395e-01
9.999638392845114909e-01
9.999586537077543857e-01
9.998160200519735641e-01
9.126380318198118458e-01
9.563751517676678526e-01
9.995691852969292857e-01
9.795052483971000701e-01
9.613660509287860201e-01
9.873561947909185177e-01
9.848573419804153017e-01
9.064997659244845574e-01
9.863027892827025411e-01
9.731284188608106955e-01
9.867294863399559413e-01
9.907468071282707900e-01
9.995471463759407760e-01
9.996856629630735958e-01
9.394352973475842417e-01
9.798032914586431996e-01
9.837145133575294631e-01
9.995464801412777822e-01
9.999833107601919790e-01
9.999669689670472872e-01
9.999693999965365565e-01
9.997790752563615602e-01
9.998047849403992604e-01
9.998191593176892766e-01
9.999703742192536104e-01
9.999298640590663645e-01
9.871249353935100945e-01
8.444158432023343153e-01
8.184681161682736406e-01
9.998711602896777073e-01
9.998169703474444336e-01
9.102783007446827446e-01
9.985597799759560189e-01
9.972444482285619527e-01
9.997792064920422161e-01
9.999610973576756878e-01
9.998565697580250600e-01
9.998973133913965361e-01
9.992651085749375550e-01
8.059476696710420329e-01
9.983832392009663881e-01
9.991455610974472323e-01
9.608089122340881527e-01
9.816723500060815510e-01
7.576666552234552210e-01
9.854351975754506165e-01
9.016587499251357274e-01
9.789447589064355082e-01
9.593936130284905772e-01
9.716122885586699898e-01
9.994137282934886235e-01
9.999702089299210561e-01
9.995075848954847464e-01
9.999191798285542720e-01
9.999494971994978831e-01
9.999356373819801025e-01
9.999137583404537066e-01
9.998711831821257556e-01
9.997444010500656786e-01
9.997931337097677451e-01
9.936593795460981760e-01
9.998937169041278716e-01
9.990029476301991451e-01
9.119766431486436842e-01
9.916444943297094694e-01
4.078620076893589297e-01
9.864961314861784292e-01
5.993989414082222522e-01
9.845350884064352215e-01
9.593278926673064477e-01
9.996789968792304526e-01
9.998874566694706534e-01
9.999642825185004469e-01
9.999445524785084416e-01
6.053526304456121609e-01
9.966716281780489961e-01
9.045423658532821820e-01
9.999999999999999547e-07
9.376356576356192907e-01
9.718561720897637146e-01
9.879671538656723540e-01
9.999589177028266329e-01
9.987655256064977838e-01
9.975398423811995263e-01
9.998735574982815510e-01
9.988554641999302097e-01
9.999166302734404654e-01
2.038504167459523619e-01
5.713803659883965880e-01
9.985272531167633803e-01
9.540433691092430335e-01
8.959744893396068277e-02
9.999599961678791171e-01
9.998587956784621422e-01
9.995027509768883434e-01
9.996320041804864776e-01
9.999638543729819640e-01
9.999028907984576220e-01
9.997909135019639182e-01
9.998549032193783104e-01
9.929619728325119743e-01
9.999999999999999547e-07
9.979902364260279102e-01
9.982374752354465919e-01
9.991128126150440325e-01
9.898339981560687617e-01
9.999999999999999547e-07
9.808084380876395114e-01
9.820398013097895173e-01
7.454731219626565819e-01
9.062024930066154838e-01
9.999551930002110733e-01
9.999435186794565222e-01
9.999541932876994110e-01
9.999646698124852184e-01
9.996425643719288878e-01
9.982062490359758788e-01
9.999058773960473046e-01
7.942234418100558857e-01
9.802739866053727935e-01
9.994887408918831095e-01
5.503163359008098610e-01
9.964114399777460607e-01
9.421642704934843904e-01
9.999999999999999547e-07
9.919546236607372780e-01
9.999999999999999547e-07
9.931703717398228104e-01
9.999999999999999547e-07
9.808530063950472444e-01
9.999999999999999547e-07
9.999999999999999547e-07
9.999999999999999547e-07
9.881194982811370986e-01
9.924021811597512066e-01
9.942368935434257038e-01
9.994854592253721304e-01
8.932736590970308255e-01
3.824545890962153805e-01
9.524090418260457991e-01
9.998232550836505528e-01
9.999350836718576829e-01
9.999274721383915043e-01
9.999353997994074872e-01
1.344192830017501838e-01
9.961346268554717165e-01
9.970401981592651453e-01
9.970962161621330644e-01
9.845395965963787965e-01
9.999999999999999547e-07
8.446817699148226888e-01
9.995769203159297067e-01
9.998841761159040775e-01
9.997005219416515986e-01
9.994775761436516248e-01
9.970324992663958108e-01
7.733332895431040965e-01
9.999324840875138953e-01
9.999543148698332162e-01
9.998671275997064178e-01
9.844741047687541879e-01
9.991539911705459298e-01
9.992775180574935412e-01
9.658559166233684490e-01
7.699586688250577016e-01
9.954536365095121297e-01
9.999999999999999547e-07
1.497283336142287424e-01
9.723495350012832938e-01
9.751213432149403726e-01
9.999316375006364055e-01
9.990295593059940193e-01
9.634360598068355541e-01
9.999999999999999547e-07
9.998676408426240281e-01
9.988494732955294220e-01
9.985852844089376790e-01
9.880688655261440356e-01
9.835833490303029780e-01
9.898349808706059516e-01
9.850947808721108867e-01
8.254220340695450631e-01
9.999999999999999547e-07
9.999999999999999547e-07
9.999999999999999547e-07
6.130423526590241812e-01
7.864442971732349408e-01
9.959623644439484780e-01
9.313385452053768443e-01
8.659419253183854304e-01
6.897206848690201619e-01
9.513688833299357439e-01
9.999999999999999547e-07
9.997265940731969724e-01
9.998843449353881363e-01
9.998814607504373786e-01
9.998833509591443791e-01
9.997787176659655994e-01
9.930994131045345341e-01
9.994762327103950961e-01
9.989668515533773885e-01
9.996526158603008527e-01
9.978379114516277015e-01
9.972822376029285563e-01
9.046719330254892055e-01
9.929450683100110586e-01
9.991634887759485162e-01
9.931932163785084366e-01
9.999999999999999547e-07
9.722508321521119434e-01
9.982672022186226402e-01
5.294646570054114543e-01
9.088566176198659141e-01
2.105103808792260778e-02
9.997645020564973617e-01
9.955524661751501414e-01
9.997518847550641574e-01
7.605883447192480773e-01
9.953576975986750952e-01
9.975243696084146183e-01
9.997633404632328968e-01
9.998434776770567245e-01
9.997943951224428361e-01
9.885173637653644763e-01
9.844282953502462297e-01
9.790903094501540727e-01
7.634872756292381268e-01
4.697612783689116278e-01
8.674191795685806117e-01
9.999999999999999547e-07
9.962201128522282789e-02
9.999999999999999547e-07
9.257060398284652214e-01
9.671315806959460692e-01
9.993826896475572763e-01
8.846030678734522201e-01
9.999999999999999547e-07
9.935938034539459895e-01
9.931215385153021602e-01
9.959756868755755832e-01
5.178562440361894614e-01
8.872771970972407329e-01
9.827152773591548707e-01
9.995260077545777833e-01
9.985977357130666476e-01
9.472562197510023818e-01
7.809067922353446489e-01
9.999999999999999547e-07
3.671460608498605116e-01
9.974734238745921466e-01
9.991750106704064827e-01
9.897213267941392667e-01
5.740262620023459106e-02
9.957412607737499144e-01
9.963867576536598047e-01
9.995516323531872249e-01
9.994630928211870602e-01
9.994605248792243213e-01
5.970526805728931796e-01
9.886740010919208288e-01
9.864932494351580372e-01
9.948642348519709522e-01
9.620677391819174584e-01
9.463405705453743488e-01
5.691110039345361749e-01
9.999999999999999547e-07
9.999999999999999547e-07
9.594092959913439467e-01
6.355916067777785949e-01
8.970038318893643892e-01
8.975523898863789762e-01
9.999999999999999547e-07
9.992284989251897231e-01
9.986959892034079633e-01
9.902974252343405004e-01
9.819538691281464171e-01
9.987758277499579895e-01
9.564817630040256535e-01
4.692645284879697898e-01
9.993186868921730692e-01
9.986650380656161285e-01
9.967224106545071738e-01
9.999999999999999547e-07
8.968407993386687815e-01
9.939578591715467759e-01
9.984965232556282100e-01
9.855208863960497334e-01
8.240332458081262024e-01
9.999999999999999547e-07
9.799120340077709379e-01
4.171921836203711619e-03
9.709110867138858181e-01
9.901749139268778421e-01
7.734854939624759007e-01
2.758904259476308574e-01
9.333365529509273228e-01
9.999999999999999547e-07
9.974476019490833290e-01
9.965498028052103274e-01
9.744300143351546373e-01
7.383744959581475253e-01
2.016122328530142727e-02
9.407829258387954141e-01
9.986289381850841362e-01
9.963060820731438616e-01
9.893725850386069220e-01
9.280984506619301966e-01
8.227476677218353851e-01
6.167020944146163197e-01
3.051116164917430651e-01
9.637648645606742281e-01
9.999999999999999547e-07
9.914689939402828722e-01
9.085344001045511098e-01
7.416314564564615575e-01
3.544380445754113373e-01
9.428523825603999375e-01
9.999999999999999547e-07
9.938452603549826625e-01
9.848804012562732968e-01
9.690645299298636939e-01
9.637032329430076372e-01
9.913019373075235841e-01
9.967684588079601671e-01
9.685125178821242242e-01
5.051669436353721787e-01
7.344267518809198814e-01
3.543656970384355120e-01
7.657590234466185031e-01
9.760476052639122102e-01
3.970058298305500499e-01
3.079284911841770334e-02
2.150637923624539594e-01
9.030791919849724403e-01
8.887422618188118850e-01
9.920227682291812288e-01
9.632435228276091665e-01
9.848071570117620244e-01
9.783285051988129810e-01
9.809193868657493098e-01
8.774190520632224599e-01
9.200617176822628585e-01
9.434269484394186556e-01
6.816335637422080707e-01
4.845140066384129862e-01
2.704719518801089184e-01
8.570215142967210209e-01
9.427175036901892513e-01
8.165036782867943765e-01
9.784055326460835422e-01
9.657029306528505108e-01
8.380802512024120299e-01
5.413651391499961774e-01
3.634730593606403937e-01
9.610492352042795394e-01
9.341640026518091000e-01
5.528006601008614851e-01
8.743025035207986351e-01
7.190776640497685834e-01
9.437988873719742600e-01
7.431212109647856723e-01
5.986658309753093432e-01
9.067883384036095062e-01
8.727233586276310628e-01
7.984711509634770943e-01
9.999999999999999547e-07
9.999999999999999547e-07
9.999999999999999547e-07
9.999999999999999547e-07
9.999999999999999547e-07
9.999999999999999547e-07
9.999999999999999547e-07
9.999999999999999547e-07
9.999999999999999547e-07
9.999999999999999547e-07
9.999999999999999547e-07
9.999999999999999547e-07
9.999999999999999547e-07
9.846213232775521407e-01
9.876035100484752416e-01
9.733810404210122558e-01
9.685686971562271763e-01
9.417056228752881397e-01
9.745551987587368625e-01
9.326118116712438511e-01
9.614149668927398640e-01
9.466421602203114460e-01
9.508802553128135049e-01
8.417889460535790125e-01
9.128270199622164904e-01
9.811116220023462509e-01
9.998810724660108784e-01
9.998662822091441971e-01
9.999999999999999547e-07
9.999999999999999547e-07
9.999999999999999547e-07
9.999999999999999547e-07
9.999999999999999547e-07
9.999999999999999547e-07
9.999999999999999547e-07
9.999999999999999547e-07
9.999999999999999547e-07
9.999999999999999547e-07
9.999999999999999547e-07
9.999999999999999547e-07
9.999999999999999547e-07
9.999999999999999547e-07
8.888481914532110340e-01
3.753607416178886269e-01
9.234295750021867533e-02
7.396540823479922366e-01
6.014366905130722474e-01
9.999999999999999547e-07
8.691288161324203232e-01
8.870144256903133018e-01
7.444232326851677461e-01
6.686816563594591978e-01
7.870147912898073361e-01
4.506220772590291967e-01
8.662798395498445547e-01
9.999999999999999547e-07
9.998355562250499373e-01
6.531495597370812201e-01
6.646252880725342926e-01
7.184556930871442981e-01
4.447022810639497670e-01
9.999999999999999547e-07
9.999999999999999547e-07
9.999999999999999547e-07
3.889652296341899462e-01
9.999999999999999547e-07
9.999999999999999547e-07
9.999999999999999547e-07
9.999999999999999547e-07
9.999999999999999547e-07
9.999999999999999547e-07
9.999999999999999547e-07
9.999999999999999547e-07
9.999999999999999547e-07
9.999999999999999547e-07
9.999999999999999547e-07
9.999999999999999547e-07
2.266920923913989527e-01
2.951392882948792873e-01
2.172781222450470284e-01
1.793286159020713588e-01
9.999999999999999547e-07
9.999999999999999547e-07
9.999999999999999547e-07
9.999999999999999547e-07
9.999999999999999547e-07
9.999999999999999547e-07
9.999999999999999547e-07
9.999999999999999547e-07
9.999999999999999547e-07
9.999999999999999547e-07
9.999999999999999547e-07
9.999999999999999547e-07
9.999999999999999547e-07
9.999999999999999547e-07
9.999999999999999547e-07
9.999999999999999547e-07
9.999999999999999547e-07
9.999999999999999547e-07
9.999999999999999547e-07
9.999999999999999547e-07
9.999999999999999547e-07
9.999999999999999547e-07
9.999999999999999547e-07
9.999999999999999547e-07
9.999999999999999547e-07
9.999999999999999547e-07
9.999999999999999547e-07
9.999999999999999547e-07
9.999999999999999547e-07
9.999999999999999547e-07
9.999999999999999547e-07
9.999999999999999547e-07
9.999999999999999547e-07
9.999999999999999547e-07
9.999999999999999547e-07
9.999999999999999547e-07
9.999999999999999547e-07
9.999999999999999547e-07
9.999999999999999547e-07
9.999999999999999547e-07
9.999999999999999547e-07
9.999999999999999547e-07
9.999999999999999547e-07
9.999999999999999547e-07
9.999999999999999547e-07
1.171904502420985927e-01
9.999999999999999547e-07
9.999999999999999547e-07
9.999999999999999547e-07
9.999999999999999547e-07
9.999999999999999547e-07
9.999999999999999547e-07
9.999999999999999547e-07
9.999999999999999547e-07
9.997157522522942541e-01
9.996967342089440045e-01
9.998369677400001931e-01
9.994172326807581053e-01
9.994303209357691120e-01
9.997455176538447841e-01
9.997983342697400744e-01
9.999999999999999547e-07
9.999999999999999547e-07
9.999999999999999547e-07
9.995143310038195894e-01
9.997214961331263305e-01
9.996327989028391814e-01
3.954945372641661128e-01
9.999999999999999547e-07
9.999999999999999547e-07
9.999999999999999547e-07
9.999999999999999547e-07
9.999999999999999547e-07
9.999999999999999547e-07
9.999999999999999547e-07
9.999999999999999547e-07
9.989384427773480013e-01
9.989307064924134449e-01
9.999999999999999547e-07
9.999999999999999547e-07
9.999999999999999547e-07
9.999999999999999547e-07
9.999999999999999547e-07
9.999999999999999547e-07
4.840835966725628992e-02
9.999999999999999547e-07
9.999999999999999547e-07
9.999999999999999547e-07
9.999999999999999547e-07
9.999999999999999547e-07
9.999999999999999547e-07
9.999999999999999547e-07
9.999999999999999547e-07
9.999999999999999547e-07
9.986665253513680174e-01
9.994122331574708529e-01
9.990145587745888900e-01
9.992166622636295958e-01
9.995190937638479545e-01
9.994363799951114791e-01
3.222773413027055223e-01
9.999999999999999547e-07
9.999999999999999547e-07
9.999999999999999547e-07
9.999999999999999547e-07
9.999999999999999547e-07
9.999999999999999547e-07
9.999999999999999547e-07
9.999999999999999547e-07
9.999999999999999547e-07
9.999999999999999547e-07
9.999999999999999547e-07
6.266772950477258464e-01
9.999999999999999547e-07
9.999999999999999547e-07
9.967837182378825878e-01
9.976291002561873400e-01
9.974417778959535630e-01
9.987828290554318089e-01
9.986953451155525796e-01
9.999999999999999547e-07
9.999999999999999547e-07
9.999999999999999547e-07
9.999999999999999547e-07
9.999999999999999547e-07
9.999999999999999547e-07
9.999999999999999547e-07
9.922104321534190863e-01
9.989495592740881280e-01
9.980918668081251166e-01
9.948976599940400067e-01
9.999999999999999547e-07
5.848688388109172243e-01
7.621507374707429117e-01
9.999999999999999547e-07
9.999999999999999547e-07
9.999999999999999547e-07
2.071112381265734770e-01
9.999999999999999547e-07
9.999999999999999547e-07
9.999999999999999547e-07
9.936848853359896427e-01
9.999999999999999547e-07
9.999999999999999547e-07
9.999999999999999547e-07
9.999999999999999547e-07
9.999999999999999547e-07
9.999999999999999547e-07
9.999999999999999547e-07
9.999999999999999547e-07
9.999999999999999547e-07
6.051328011323335865e-01
7.867082011510339035e-01
9.999999999999999547e-07
1.804271506577450335e-01
9.886597528265258505e-01
9.818576352455641310e-01
9.969871097327885900e-01
9.986573679868451237e-01
9.977403605987850144e-01
9.974456311318695700e-01
9.999999999999999547e-07
9.999999999999999547e-07
9.999999999999999547e-07
9.999999999999999547e-07
9.999999999999999547e-07
4.954096124067435825e-01
9.999999999999999547e-07
9.999999999999999547e-07
9.999999999999999547e-07
9.999999999999999547e-07
9.999999999999999547e-07
8.880299918038302431e-01
9.966533072691795558e-01
8.168844107724945180e-01
9.745876138784411724e-01
9.602980378577357090e-01
9.999999999999999547e-07
9.846435489094923499e-01
9.961107398422885950e-01
9.646737358182191358e-01
8.331278160548482026e-01
9.156952762130936563e-01
9.873650667554149107e-01
9.342098852348837967e-01
9.447706605637119504e-01
9.999999999999999547e-07
9.999999999999999547e-07
9.945121970609712703e-01
9.858378581665139251e-01
9.999999999999999547e-07
9.999999999999999547e-07
9.999999999999999547e-07
9.999999999999999547e-07
2.717372277482719700e-01
9.999999999999999547e-07
7.351087701644275496e-01
3.396021992543002965e-01
9.938816595527169007e-01
9.680483234216005206e-01
9.977522409645230850e-01
9.999999999999999547e-07
9.999999999999999547e-07
9.999999999999999547e-07
9.999999999999999547e-07
9.999999999999999547e-07
9.999999999999999547e-07
9.999999999999999547e-07
9.999999999999999547e-07
9.999999999999999547e-07
9.999999999999999547e-07
9.999999999999999547e-07
9.999999999999999547e-07
9.952621258220589739e-01
9.944472440355951459e-01
8.712499309045979023e-01
6.411012756372297394e-01
9.874403085654572809e-01
9.767768943302178597e-01
9.913263261131828319e-01
9.999999999999999547e-07
9.999999999999999547e-07
9.999999999999999547e-07
9.865299678960628427e-01
9.999999999999999547e-07
9.999999999999999547e-07
9.999999999999999547e-07
9.111340330354328332e-01
9.841571620176799984e-01
9.703206773842684152e-01
9.999999999999999547e-07
9.999999999999999547e-07
6.576338669996527608e-01
9.284410751012628360e-01
9.230368787030004407e-01
9.947747687192779464e-01
9.999999999999999547e-07
6.824560430496704466e-01
9.918152229513472751e-01
9.933103862263638062e-01
9.856588038772196025e-01
9.681554961900366019e-01
9.704914663208064063e-01
9.999999999999999547e-07
9.999999999999999547e-07
9.999999999999999547e-07
9.999999999999999547e-07
9.999999999999999547e-07
9.999999999999999547e-07
9.999999999999999547e-07
9.999999999999999547e-07
9.999999999999999547e-07
9.999999999999999547e-07
9.999999999999999547e-07
9.999999999999999547e-07
9.999999999999999547e-07
9.999999999999999547e-07
8.342258245617431012e-01
9.324575250336050170e-01
9.391891614892962092e-01
9.999999999999999547e-07
9.999999999999999547e-07
9.757529816525711830e-01
9.701393509881930388e-01
9.999999999999999547e-07
8.838356375036557355e-02
9.999999999999999547e-07
9.999999999999999547e-07
9.999999999999999547e-07
9.999999999999999547e-07
9.999999999999999547e-07
9.999999999999999547e-07
9.999999999999999547e-07
7.650981915643761955e-01
9.602155132878356092e-01
8.671102572058742020e-01
9.763250998950527837e-01
9.872354184902238927e-01
9.858052360322648866e-01
8.534476270948598842e-01
3.007159178164461877e-01
8.430728592244447483e-01
9.999999999999999547e-07
9.999999999999999547e-07
9.999999999999999547e-07
9.711897852262442177e-01
9.701373070905040530e-01
5.764509153176792244e-01
9.999999999999999547e-07
9.999999999999999547e-07
9.999999999999999547e-07
9.999999999999999547e-07
9.999999999999999547e-07
9.999999999999999547e-07
9.999999999999999547e-07
9.618036575392178156e-01
9.475641064645625722e-01
8.583809146116894162e-01
9.682020223604301812e-01
9.999999999999999547e-07
9.999999999999999547e-07
3.876517158977847433e-01
3.364981336123065714e-01
9.999999999999999547e-07
9.999999999999999547e-07
9.999999999999999547e-07
9.999999999999999547e-07
9.999999999999999547e-07
8.947355380962968008e-01
9.999999999999999547e-07
9.999999999999999547e-07
9.999999999999999547e-07
7.889708305564923085e-01
8.984813932409256854e-01
9.548051338927137088e-01
7.054040161594027358e-01
6.823709004786370214e-01
9.999999999999999547e-07
9.999999999999999547e-07
9.999999999999999547e-07
9.341001522255981682e-01
9.334541321269889114e-01
9.999999999999999547e-07
9.999999999999999547e-07
9.999999999999999547e-07
1.573229372050891361e-01
9.999999999999999547e-07
9.999999999999999547e-07
9.999999999999999547e-07
9.999999999999999547e-07
9.999999999999999547e-07
9.999999999999999547e-07
9.307830151291698328e-01
8.224476298591685275e-01
9.999999999999999547e-07
9.999999999999999547e-07
9.999999999999999547e-07
8.916860569500714151e-01
8.574222503623233349e-01
6.395153680202898538e-01
3.935378216133086915e-01
9.999999999999999547e-07
9.999999999999999547e-07
9.999999999999999547e-07
9.091799370269102454e-01
6.669326698142458154e-01
7.218645442055388051e-01
9.999999999999999547e-07
9.999999999999999547e-07
9.999999999999999547e-07
8.270837618169147865e-01
8.207515090783880085e-01
9.999999999999999547e-07
9.999999999999999547e-07
9.999999999999999547e-07
9.999999999999999547e-07
9.999999999999999547e-07
6.787088272548423840e-01
7.034231078554707972e-01
9.326511668136914235e-01
4.505584735043807743e-01
6.783623990813422155e-01
9.999999999999999547e-07
9.999999999999999547e-07
9.999999999999999547e-07
5.027991635703607520e-02
1.360518794684958122e-01
4.711603690556872004e-01
9.999999999999999547e-07
9.999999999999999547e-07
9.999999999999999547e-07
9.999999999999999547e-07
9.999999999999999547e-07
9.999999999999999547e-07
9.999999999999999547e-07
9.999999999999999547e-07
4.386737281791940890e-01
7.593260680287394759e-01
9.999999999999999547e-07
9.999999999999999547e-07
8.084139038895029605e-01
5.763224742086264785e-01
3.316943179573164646e-01
5.071569346596765948e-01
3.286680568744757003e-01
9.999999999999999547e-07
9.999999999999999547e-07
9.999999999999999547e-07
9.999999999999999547e-07
9.999999999999999547e-07
9.999999999999999547e-07
9.999999999999999547e-07
9.999999999999999547e-07
9.999999999999999547e-07
5.408186522423336084e-01
6.150841151424943920e-01
9.999999999999999547e-07
9.999999999999999547e-07
3.923283488976418432e-01
9.999999999999999547e-07
9.999999999999999547e-07
9.999999999999999547e-07
9.999999999999999547e-07
3.251710960116331317e-01
9.999999999999999547e-07
9.999999999999999547e-07
4.264421875822341224e-01
9.999999999999999547e-07
9.999999999999999547e-07
9.999999999999999547e-07
9.999999999999999547e-07
4.332805140106396613e-02
9.999999999999999547e-07
9.999999999999999547e-07
9.999999999999999547e-07
1.000000999999999918e+00
1.000000999999999918e+00
1.000000999999999918e+00
1.000000999999999918e+00
1.000000999999999918e+00
1.000000999999999918e+00
1.000000999999999918e+00
1.000000999999999918e+00
1.000000999999999918e+00
1.000000999999999918e+00
1.000000999999999918e+00
1.000000999999999918e+00
1.000000999999999918e+00
9.999099364052418393e-01
9.998977142598801660e-01
9.999301447720587710e-01
9.999282144457448673e-01
9.999531616888568397e-01
9.999338387543954543e-01
9.999509005118710769e-01
9.999373109699943862e-01
9.999596428149627458e-01
9.999535458204311666e-01
9.999720351104048888e-01
9.999595361933022453e-01
9.999132872258396088e-01
1.000000999999999918e+00
1.000000999999999918e+00
1.000000999999999918e+00
1.000000999999999918e+00
1.000000999999999918e+00
1.000000999999999918e+00
1.000000999999999918e+00
1.000000999999999918e+00
1.000000999999999918e+00
1.000000999999999918e+00
1.000000999999999918e+00
1.000000999999999918e+00
1.000000999999999918e+00
1.000000999999999918e+00
1.000000999999999918e+00
1.000000999999999918e+00
9.999747663587537083e-01
9.999937520103028277e-01
9.999970047159537634e-01
9.999844581405283872e-01
9.999885208351591004e-01
9.999985972978998605e-01
9.999797061124277020e-01
9.999716526013463502e-01
9.999862878689481649e-01
9.999864401695240934e-01
9.999786972007272956e-01
9.999933306046958625e-01
9.999715297000286718e-01
9.999988767779662835e-01
1.000000999999999918e+00
9.999865264262508546e-01
9.999916904877567125e-01
9.999890960851547383e-01
9.999924579282009063e-01
9.999979942084844531e-01
9.999989419550587844e-01
9.999979534931449088e-01
9.999950212986259412e-01
1.000000999999999918e+00
1.000000999999999918e+00
1.000000999999999918e+00
1.000000999999999918e+00
1.000000999999999918e+00
1.000000999999999918e+00
1.000000999999999918e+00
1.000000999999999918e+00
1.000000999999999918e+00
1.000000999999999918e+00
1.000000999999999918e+00
9.999997131002648088e-01
9.999972955527720586e-01
9.999965188667738758e-01
9.999960671859166039e-01
9.999958191401429053e-01
9.999999391105333091e-01
1.000000552497042561e+00
9.999990057116058262e-01
1.000000999999999918e+00
1.000000999999999918e+00
1.000000999999999918e+00
1.000000999999999918e+00
1.000000999999999918e+00
1.000000999999999918e+00
1.000000999999999918e+00
1.000000999999999918e+00
1.000000999999999918e+00
1.000000762409641863e+00
1.000000790226444281e+00
1.000000453597333250e+00
9.999995932280064670e-01
9.999990421559461495e-01
9.999998973500824340e-01
1.000000534139572794e+00
1.000000336941367918e+00
1.000000056285021977e+00
1.000000999999999474e+00
1.000000999999999918e+00
1.000000999999999918e+00
1.000000999999999918e+00
1.000000999999999918e+00
1.000000999999999918e+00
1.000000999999999918e+00
1.000000999999999918e+00
1.000000999999999918e+00
1.000000999999999918e+00
1.000000999999996143e+00
1.000000999999999696e+00
1.000000999999999918e+00
1.000000999999999918e+00
1.000000999999999918e+00
1.000000969423173958e+00
1.000000975420207716e+00
1.000000595212450882e+00
1.000000232046320381e+00
9.999998880189191475e-01
1.000000382395266785e+00
1.000000851006687563e+00
1.000000102779800892e+00
1.000000656389859799e+00
1.000000999999999918e+00
1.000000999999999918e+00
1.000000999999999918e+00
1.000000999999999918e+00
9.999994092324537842e-01
1.000000997358248211e+00
1.000000988263861412e+00
1.000000345030984450e+00
1.000000890952266186e+00
1.000000999999999918e+00
1.000000999999999918e+00
1.000000999999999918e+00
1.000000999999999918e+00
1.000000999999999918e+00
1.000000999999999918e+00
1.000000999999999918e+00
1.000000827577462781e+00
1.000000832908084281e+00
1.000000886419048607e+00
1.000000999999999918e+00
1.000000999999999918e+00
1.000000999999999918e+00
1.000000999999999918e+00
1.000000999999999030e+00
1.000000999999999474e+00
1.000000999999997697e+00
1.000000999999999918e+00
1.000000999999999918e+00
1.000000999999999918e+00
1.000000999999990592e+00
1.000000999999999918e+00
1.000000999999999918e+00
1.000000999999999918e+00
1.000000999814909530e+00
1.000000867505459023e+00
1.000000707218861917e+00
1.000000998295500931e+00
1.000000739044472065e+00
1.000000871667792168e+00
1.000000999999999918e+00
1.000000999999999918e+00
1.000000999999999918e+00
1.000000999999999696e+00
1.000000999999999918e+00
1.000000999883202013e+00
1.000000948743867024e+00
1.000000915400385937e+00
1.000000992630761809e+00
1.000000931645689706e+00
1.000000999999999918e+00
1.000000999999999918e+00
1.000000999999999918e+00
1.000000999999999918e+00
1.000000999999999918e+00
1.000000999999999918e+00
1.000000999999999918e+00
1.000000999999961282e+00
1.000000999999999918e+00
1.000000999999998808e+00
1.000000999999976381e+00
1.000000999999994589e+00
1.000000975799585357e+00
1.000000942057490461e+00
1.000000971141840278e+00
1.000000892046412293e+00
1.000000962083558154e+00
1.000000999999999918e+00
1.000000999999999918e+00
1.000000999460040729e+00
1.000000920459387155e+00
1.000000999999999918e+00
1.000000999999999918e+00
1.000000999999999918e+00
1.000000999999999918e+00
1.000000999999999918e+00
1.000000999999999918e+00
1.000000999999999918e+00
1.000000999999585360e+00
1.000000996418499044e+00
1.000000999993120976e+00
1.000000974489227312e+00
1.000000999223464193e+00
1.000000999999999918e+00
1.000000999999999918e+00
1.000000999999999918e+00
1.000000999999999918e+00
1.000000999999897111e+00
1.000000999999999918e+00
1.000000999999999918e+00
1.000000999999999918e+00
1.000000999999999918e+00
1.000000990790138822e+00
1.000000999999729689e+00
1.000000999996425222e+00
1.000000987639328320e+00
1.000000998253357309e+00
1.000000999999999918e+00
1.000000999557480563e+00
1.000000980319193822e+00
1.000000964124044600e+00
1.000000993029165119e+00
1.000000999995485973e+00
1.000000999999939966e+00
1.000000999999997697e+00
1.000000999999987927e+00
1.000000965947389853e+00
1.000000999999982598e+00
1.000000999999999918e+00
1.000000999999999918e+00
1.000000999999999918e+00
1.000000999999999918e+00
1.000000999999999918e+00
1.000000999999999918e+00
1.000000999999999918e+00
1.000000999999999918e+00
1.000000999999999918e+00
1.000000999987016970e+00
1.000000998809152719e+00
1.000000999998832629e+00
1.000000999953092995e+00
1.000000999999999918e+00
1.000000999999999918e+00
1.000000997189741447e+00
1.000000999941638380e+00
1.000000981144138601e+00
1.000000999999999918e+00
1.000000999998350348e+00
1.000000999999999918e+00
1.000000999999999918e+00
1.000000999999998585e+00
1.000000999999999918e+00
1.000000999999999918e+00
1.000000986687010096e+00
1.000000999999999918e+00
1.000000999999999918e+00
1.000000999999999918e+00
1.000000999999999252e+00
1.000000999999999918e+00
1.000000999999999918e+00
1.000000999999999918e+00
1.000000999999999918e+00
1.000000999999999918e+00
1.000000999860341189e+00
1.000000999999999918e+00
1.000000999999999918e+00
1.000000994999724835e+00
1.000000999999732132e+00
1.000000999655683342e+00
1.000000999944216762e+00
1.000000999999874463e+00
1.000000999999999918e+00
1.000000999999999918e+00
1.000000999999999918e+00
1.000000999999999918e+00
1.000000999999999918e+00
1.000000999999999918e+00
1.000000999999999918e+00
1.000000999999880458e+00
1.000000999999999474e+00
1.000000999999996365e+00
1.000000995056952835e+00
1.000000999992578965e+00
1.000000999973804428e+00
1.000000999866430762e+00
1.000000994800345877e+00
1.000000991141109852e+00
1.000000987319497048e+00
1.000000997526361068e+00
1.000000999999999918e+00
1.000000999999999918e+00
1.000000999999999918e+00
1.000000999999991702e+00
1.000000999999999918e+00
1.000000999999999918e+00
1.000000999999999918e+00
1.000000999997005646e+00
1.000000999999999918e+00
1.000000998867711655e+00
1.000000999999999918e+00
1.000000999315413308e+00
1.000000999999999918e+00
1.000000999999999918e+00
1.000000999999999918e+00
1.000000999999999918e+00
1.000000999999999918e+00
1.000000997916569823e+00
1.000000999996961237e+00
1.000000999999996587e+00
1.000000999999999918e+00
1.000000999999999918e+00
1.000000999999999918e+00
1.000000999975865223e+00
1.000000999999999918e+00
1.000000999999999918e+00
1.000000999999999918e+00
1.000000999999999918e+00
1.000000999999999918e+00
1.000000999999999918e+00
1.000000998841891420e+00
1.000000999926783818e+00
1.000000999992516570e+00
1.000000999999299145e+00
1.000000999994711259e+00
1.000000997107474587e+00
1.000000999287222969e+00
1.000000999999999474e+00
1.000000999999976825e+00
1.000000999999999918e+00
1.000000999999997253e+00
1.000000999925347189e+00
1.000000999404400792e+00
1.000000999999998363e+00
1.000000999999999918e+00
1.000000999999999918e+00
1.000000999999999918e+00
1.000000998369350302e+00
1.000000999999389517e+00
1.000000999999999918e+00
1.000000999999999918e+00
1.000000999998835294e+00
1.000000999999999918e+00
1.000000999842938665e+00
1.000000999997699314e+00
1.000000999999999918e+00
1.000000999999999918e+00
1.000000999979761662e+00
1.000000999851224259e+00
1.000000999999872686e+00
1.000000999999999918e+00
1.000000999999999918e+00
1.000000999999999918e+00
1.000000999999999918e+00
1.000000999999999918e+00
1.000000999999999918e+00
1.000000999999999918e+00
1.000000999999947959e+00
1.000000999999999696e+00
1.000000999949258285e+00
1.000000999564308879e+00
1.000000999665020984e+00
1.000000999999999918e+00
1.000000999999999918e+00
1.000000999999999918e+00
1.000000999999999918e+00
1.000000999999999918e+00
1.000000999999742568e+00
1.000000999995949158e+00
1.000000999711171179e+00
1.000000999999776097e+00
1.000000999710365379e+00
1.000000999999999918e+00
1.000000999999999918e+00
1.000000999999999918e+00
1.000000999999999918e+00
1.000000999999999696e+00
1.000000999999972606e+00
1.000000999999999918e+00
1.000000999999985263e+00
1.000000999540165303e+00
1.000000999894681053e+00
1.000000999997515017e+00
1.000000999909936406e+00
1.000000999984005157e+00
1.000000999999999918e+00
1.000000999999999918e+00
1.000000999999999918e+00
1.000000999999999918e+00
1.000000999999999918e+00
1.000000999999999918e+00
1.000000999999999918e+00
1.000000999999999918e+00
1.000000999999999030e+00
1.000000999927637357e+00
1.000000999999889340e+00
1.000000999994220985e+00
1.000000999999999918e+00
1.000000999999999918e+00
1.000000999999633322e+00
1.000000999958000181e+00
1.000000999999999696e+00
1.000000999999999918e+00
1.000000999999864693e+00
1.000000999958747583e+00
1.000000999999932860e+00
1.000000999998237550e+00
1.000000999994278716e+00
1.000000999980401151e+00
1.000000999999999918e+00
1.000000999999999918e+00
1.000000999999999030e+00
1.000000999999992590e+00
1.000000999930314105e+00
1.000000999999999918e+00
1.000000999999999918e+00
1.000000999999999918e+00
1.000000999999997475e+00
1.000000999999999918e+00
1.000000999969923754e+00
1.000000999999639095e+00
1.000000999999999918e+00
1.000000999999999918e+00
1.000000999999999918e+00
1.000000999999959284e+00
1.000000999997235906e+00
1.000000999999999918e+00
1.000000999999999918e+00
1.000000999999999918e+00
1.000000999991199180e+00
1.000000999999202334e+00
1.000000999999952400e+00
1.000000999999999918e+00
1.000000999999999918e+00
1.000000999999999918e+00
1.000000999999999918e+00
1.000000999999999918e+00
1.000000999999999918e+00
1.000000999999999918e+00
1.000000999994533624e+00
1.000000999996771611e+00
1.000000999999898665e+00
1.000000999999995033e+00
1.000000999999999918e+00
1.000000999999999696e+00
1.000000999999990814e+00
1.000000999999998585e+00
1.000000999996597084e+00
1.000000999986341510e+00
1.000000999999334228e+00
1.000000999999629769e+00
1.000000999999999918e+00
1.000000999999996809e+00
1.000000999999999918e+00
1.000000999999999918e+00
1.000000999999974605e+00
1.000000999999999918e+00
1.000000999999999918e+00
1.000000999999999918e+00
1.000000999999999918e+00
1.000000999999999918e+00
1.000000999999999918e+00
1.000000999999915541e+00
1.000000999999999252e+00
1.000000999999991480e+00
1.000000999998344797e+00
1.000000999999687723e+00
1.000000999999436591e+00
1.000000999999506091e+00
1.000000999999999918e+00
1.000000999999995921e+00
1.000000999999999918e+00
1.000000999999999918e+00
1.000000999999999918e+00
1.000000999999999918e+00
1.000000999999999918e+00
1.000000999999964391e+00
1.000000999999846707e+00
1.000000999999983708e+00
1.000000999999999696e+00
1.000000999999999918e+00
1.000000999999997475e+00
1.000000999999890672e+00
1.000000999999999918e+00
1.000000999999999918e+00
1.000000999999999474e+00
1.000000999999988816e+00
1.000000999999999918e+00
1.000000999999999918e+00
1.000000999999999696e+00
1.000000999999997031e+00
1.000000999999999918e+00
1.000000934872551817e+00
1.000000903184700585e+00
1.000000950177323267e+00
1.000000834491291402e+00
1.000000929131277472e+00
1.000000969640622905e+00
1.000000644215204293e+00
1.000000921060985926e+00
1.000000984887615019e+00
1.000000949973118392e+00
1.000000177040908600e+00
1.000000872482513126e+00
1.000000872586364942e+00
1.000000999999999918e+00
1.000000999999999918e+00
1.000000999999999918e+00
1.000000999999999918e+00
1.000000999999999918e+00
1.000000999999999918e+00
1.000000999999999918e+00
1.000000999999999918e+00
1.000000999999999918e+00
1.000000999999999918e+00
1.000000999999999918e+00
1.000000999999999918e+00
1.000000999999999918e+00
9.998963125269796359e-01
9.998844666933889291e-01
1.000000987136860697e+00
1.000000971232668068e+00
9.999991426117043058e-01
1.000000769783442767e+00
1.000000714369299049e+00
9.999967565432263950e-01
1.000000993900990620e+00
1.000000948448293681e+00
1.000000975795753311e+00
1.000000375038433198e+00
9.999997392231603222e-01
1.000000919951522071e+00
1.000000965986737045e+00
1.000000641897704545e+00
1.000000999999999918e+00
1.000000999999999918e+00
1.000000999999999918e+00
1.000000999999999918e+00
1.000000999999999918e+00
1.000000999999999918e+00
1.000000999999999918e+00
1.000000999999999918e+00
1.000000999999999918e+00
1.000000999999999918e+00
1.000000999999999918e+00
1.000000999999999918e+00
1.000000999999999918e+00
1.000000999999999918e+00
9.999104543410262114e-01
1.000000999999999918e+00
1.000000999999999918e+00
1.000000999999999918e+00
1.000000999999999918e+00
1.000000999999999918e+00
1.000000999999999918e+00
1.000000999999999918e+00
1.000000999999999918e+00
1.000000997888878640e+00
1.000000994572276314e+00
9.999988486737305671e-01
9.999958846951957359e-01
9.999982822200598198e-01
1.000000990696213732e+00
1.000000580804370598e+00
1.000000867589257103e+00
1.000000778319750205e+00
9.999957134777089918e-01
1.000000864855681071e+00
1.000000999999999918e+00
1.000000999999999918e+00
1.000000999999999918e+00
1.000000999999999918e+00
1.000000999999999918e+00
1.000000999999999918e+00
1.000000999999999918e+00
1.000000999999999918e+00
1.000000999380644018e+00
1.000000997956530302e+00
9.999905874113395043e-01
1.000000997265673819e+00
1.000000946825736481e+00
1.000000915322654116e+00
1.000000251113196903e+00
9.999931836918264372e-01
9.999966377277765828e-01
1.000000999999999918e+00
1.000000999999999918e+00
1.000000999999999918e+00
1.000000999999999918e+00
1.000000999999999918e+00
1.000000999999999918e+00
1.000000999999999918e+00
1.000000999999999918e+00
1.000000999999999918e+00
1.000000999857317385e+00
1.000000999436118754e+00
9.999811340644264579e-01
1.000000810641161753e+00
9.999995323512017587e-01
1.000000982464335664e+00
9.999842248459024363e-01
9.999950281368547023e-01
1.000000987919187123e+00
1.000000996801774455e+00
1.000000999975330984e+00
1.000000999399292212e+00
1.000000380529228350e+00
9.999990717772936355e-01
1.000000355475130220e+00
1.000000999999999918e+00
1.000000999999999918e+00
1.000000999999999918e+00
1.000000999999999918e+00
1.000000999999999918e+00
1.000000999999999918e+00
1.000000999999999918e+00
1.000000999999999918e+00
1.000000999999999918e+00
9.999678776643887712e-01
9.999805932298583278e-01
1.000000995650415003e+00
9.999897854590819035e-01
1.000000999999999918e+00
1.000000999999999918e+00
1.000000999999999918e+00
1.000000999999999918e+00
1.000000999999999918e+00
9.999331476213622061e-01
9.998505428191150068e-01
9.998944758007992650e-01
9.999588242868607812e-01
9.998345938205367434e-01
9.999161360766605222e-01
9.998741552482283135e-01
1.000000999999999918e+00
1.000000999999999918e+00
1.000000999999999918e+00
9.999441661789737479e-01
9.998941030457856316e-01
9.998665399569992562e-01
9.999676750410255721e-01
1.000000999888327913e+00
1.000000999357351095e+00
1.000000999899177012e+00
9.999950221454840804e-01
1.000000798220304965e+00
1.000000051174376514e+00
1.000000999983679861e+00
9.999739406694604371e-01
9.998145473812420914e-01
9.999706509336265814e-01
1.000000999999998363e+00
1.000000999999999918e+00
1.000000999999999918e+00
1.000000999999999696e+00
1.000000999999999918e+00
1.000000999999999918e+00
9.999738852814021861e-01
1.000000972828396284e+00
9.999886943530120753e-01
1.000000993746988254e+00
9.999964855916818607e-01
1.000000999999997475e+00
1.000000999999999918e+00
1.000000999999999918e+00
1.000000999999999918e+00
1.000000999999999918e+00
9.999804087813821685e-01
9.998401221796351379e-01
9.999567461235373544e-01
9.998687177452008079e-01
9.999246022964387581e-01
9.998988544956620705e-01
9.999752653164696303e-01
1.000000999996794482e+00
1.000000375036120825e+00
1.000000999189665452e+00
1.000000999987046946e+00
1.000000999901224930e+00
1.000000999999999918e+00
1.000000999999999918e+00
1.000000999999999918e+00
1.000000999999999918e+00
1.000000999999999918e+00
9.999983694748207919e-01
9.999682164847362165e-01
1.000000999999998585e+00
1.000000999999999918e+00
9.999935300123579118e-01
9.998232737179163498e-01
9.999888459336170321e-01
9.998335344626378962e-01
9.999126756452755282e-01
9.999829302181608703e-01
1.000000957266779844e+00
1.000000999999680618e+00
1.000000999999999918e+00
1.000000999999979490e+00
1.000000999999999918e+00
1.000000999999999252e+00
9.999990734887799215e-01
9.999373750499650493e-01
9.998872303761608960e-01
9.998368886103258246e-01
1.000000999998187812e+00
9.999744947284509022e-01
9.999729897174673976e-01
1.000000957697671611e+00
9.999986186280346301e-01
1.000000999999999918e+00
1.000000999999672624e+00
1.000000999999962614e+00
1.000000999999999918e+00
1.000000999999999252e+00
9.999975616075458262e-01
1.000000999999999918e+00
1.000000999999999918e+00
1.000000999999999918e+00
1.000000999999999918e+00
1.000000999999974827e+00
1.000000999988197137e+00
1.000000998922562223e+00
1.000000999882981079e+00
1.000000999999999918e+00
1.000000999992085138e+00
9.999665739440640744e-01
1.000000668750596899e+00
9.999846833539578483e-01
9.998677716282950989e-01
1.000000655084207324e+00
9.998617455472448290e-01
9.998481793439870646e-01
9.999813999259528075e-01
9.999543275991416014e-01
1.000000999999989038e+00
1.000000999999999918e+00
1.000000999999842932e+00
1.000000999999998363e+00
9.999986786781225323e-01
9.999832793891877403e-01
1.000000999999999918e+00
1.000000999999994589e+00
1.000000999999999918e+00
1.000000740031230739e+00
1.000000999999918427e+00
9.999580301751149758e-01
9.999356555248750666e-01
1.000000999804040003e+00
9.999070610709206441e-01
1.000000957519014522e+00
1.000000999999999918e+00
1.000000344355476356e+00
9.998677147380076180e-01
1.000000917659393362e+00
1.000000999604073515e+00
1.000000996459998737e+00
9.998848389803133285e-01
9.999551565219351179e-01
9.999396842854619827e-01
9.999913223336777124e-01
1.000000999999994367e+00
9.999947700499024483e-01
9.999542955435100078e-01
1.000000999999999918e+00
1.000000999998701179e+00
1.000000999999999696e+00
1.000000999999996587e+00
1.000000999999296702e+00
1.000000732949101634e+00
9.999781176255677639e-01
9.999911738479112522e-01
9.998663715497297932e-01
1.000000814822003203e+00
9.999700788190253320e-01
1.000000951049689446e+00
1.000000999992904482e+00
1.000000991051836152e+00
1.000000998578904676e+00
1.000000999999999696e+00
1.000000999999948403e+00
1.000000999999990814e+00
1.000000999999999252e+00
1.000000999999999918e+00
1.000000999999999918e+00
1.000000999999999918e+00
1.000000999999999696e+00
9.999128264651790943e-01
9.999824117927430533e-01
9.999675026471557260e-01
1.000000999982812333e+00
9.999982675759185868e-01
9.999511143934504132e-01
9.999116558500105167e-01
1.000000999999894669e+00
9.999999445896234906e-01
1.000000999999998585e+00
9.999996617370342511e-01
1.000000999999999696e+00
1.000000902394420299e+00
9.999922929264590810e-01
9.999738510541830161e-01
9.999149938816469518e-01
9.999263502521871239e-01
1.000000999999998808e+00
1.000000999999767215e+00
1.000000999960604542e+00
1.000000983721649916e+00
1.000000993108573377e+00
9.999899498457299751e-01
1.000000999999985485e+00
9.999849830028104680e-01
9.999552818060517545e-01
9.999722915382728283e-01
9.999917281199026675e-01
9.999735852556117521e-01
1.000000034521678405e+00
1.000000999999999696e+00
1.000000999999994367e+00
1.000000999999915541e+00
1.000000999998927442e+00
1.000000999999724582e+00
1.000000999999999252e+00
1.000000999999998363e+00
1.000000985281413346e+00
1.000000999851363481e+00
9.999971173557345994e-01
1.000000996110046447e+00
1.000000999999985485e+00
1.000000999999992812e+00
1.000000995536557413e+00
9.999799496575824120e-01
1.000000954776371964e+00
9.999779253655797229e-01
1.000000999999998808e+00
1.000000999999777651e+00
9.999801462263969709e-01
9.999999074039171987e-01
1.000000999998476026e+00
9.999961217797097568e-01
1.000000999999994367e+00
1.000000999999823392e+00
1.000000610791258460e+00
9.999997834690252940e-01
1.000000999999934193e+00
1.000000999999996587e+00
1.000000999986263572e+00
9.999903712779614207e-01
9.999537202102383171e-01
9.999882519427658600e-01
9.999920294327674375e-01
9.999957277197744077e-01
9.999798686248193569e-01
1.000000997101902156e+00
1.000000999998347684e+00
1.000000999074142971e+00
1.000000999999966833e+00
1.000000999999994589e+00
1.000000999999994589e+00
9.999858367999775455e-01
1.000000559320924243e+00
9.999921554621588049e-01
9.999985447175300246e-01
1.000000914259167262e+00
1.000000999999468565e+00
1.000000999999645757e+00
1.000000999999985707e+00
1.000000999981512706e+00
1.000000999999987927e+00
9.999785918091108616e-01
9.999960929479920768e-01
1.000000989970362131e+00
9.999988782562051481e-01
1.000000975211361665e+00
1.000000999744278474e+00
9.999968972536118494e-01
1.000000999994590023e+00
1.000000999999990148e+00
1.000000999999935081e+00
1.000000999998641449e+00
1.000000999999973939e+00
1.000000999999794526e+00
9.999999981646469083e-01
1.000000589073161361e+00
1.000000025909062007e+00
9.999995977791960033e-01
9.999961561536829802e-01
9.999924133568438567e-01
9.999984218401088976e-01
1.000000999449331962e+00
1.000000999869511187e+00
1.000000999999956619e+00
1.000000999997930018e+00
1.000000999999728801e+00
9.999929719674719442e-01
1.000000873711161198e+00
1.000000999983100547e+00
1.000000999999868689e+00
1.000000974113760766e+00
9.999993701555743852e-01
1.000000999934304247e+00
1.000000999999919538e+00
1.000000999998188034e+00
1.000000999997105122e+00
1.000000999998677198e+00
1.000000999999513862e+00
1.000000674208077811e+00
9.999985646749612878e-01
1.000000990500472309e+00
1.000000998703510557e+00
1.000000999999905993e+00
9.999983054974180829e-01
1.000000965524102448e+00
9.999966543226135318e-01
1.000000999973747362e+00
1.000000736326665640e+00
1.000000999999702156e+00
1.000000999998497120e+00
1.000000527209614631e+00
9.999994134211709351e-01
1.000000997301188521e+00
1.000000999693247072e+00
1.000000999995519502e+00
1.000000911128835934e+00
1.000000136578968135e+00
1.000000940731007981e+00
1.000000999999643314e+00
1.000000999988753358e+00
1.000000999712012950e+00
1.000000893017177983e+00
1.000000884263198664e+00
1.000000475169023906e+00
1.000000823504361147e+00
1.000000214110594365e+00
9.999995231763659786e-01
1.000000993269885230e+00
1.000000999997779694e+00
1.000000999999368423e+00
1.000000999995587891e+00
1.000000999983518879e+00
1.000000573151482275e+00
1.000000999811847313e+00
1.000000998657739837e+00
1.000000995366776557e+00
1.000000999997952666e+00
1.000000999999640650e+00
1.000000999978441385e+00
1.000000999963378323e+00
1.000000449191654983e+00
1.000000999964752557e+00
1.000000914496064652e+00
1.000000908887224149e+00
1.000000999979290706e+00
1.000000980099250203e+00
1.000000822623198005e+00
1.000000997731009589e+00
1.000000999646545985e+00
1.000000434679542582e+00
1.000000731854676861e+00
1.000000999829220305e+00
1.000000995691798789e+00
1.000000998867968782e+00
1.000000999994140827e+00
1.000000999963800652e+00
1.000000999997219031e+00
1.000000999993955197e+00
1.000000946259382850e+00
1.000000999938179591e+00
1.000000971645220060e+00
1.000000984284413974e+00
1.000000930586683934e+00
1.000000985620402849e+00
1.000000854785399351e+00
1.000000999729148354e+00
1.000000999950319880e+00
1.000000999940188651e+00
1.000000999752171493e+00
1.000000998033178767e+00
1.000000998307523981e+00
1.000000999963911008e+00
1.000000978917011674e+00
1.000000983709568914e+00
1.000000999542230984e+00
1.000000999651792899e+00
1.000000984618518718e+00
1.000000996927854269e+00
1.000000997310583450e+00
1.000000999637508770e+00
1.000000997362608945e+00
